transaction_id,user_id,timestamp,reasons
201409,U265,2024-07-15T00:19:00,High value
201494,U787,2024-07-15T00:26:00,High value
201505,U325,2024-07-15T00:28:00,High value
201557,U118,2024-07-15T00:32:00,High value; New vendor
201583,U922,2024-07-15T00:33:00,High value
201647,U838,2024-07-15T00:40:00,High value
201656,U149,2024-07-15T00:41:00,High value
201721,U691,2024-07-15T00:45:00,High value
201733,U285,2024-07-15T00:47:00,New vendor
201756,U257,2024-07-15T00:49:00,High value
201768,U387,2024-07-15T00:50:00,New vendor
201786,U608,2024-07-15T00:51:00,High value
201800,U013,2024-07-15T00:53:00,New vendor
201818,U570,2024-07-15T00:54:00,High value
201830,U446,2024-07-15T00:55:00,New vendor
201838,U865,2024-07-15T00:55:00,High value
201855,U755,2024-07-15T00:57:00,New vendor
201871,U380,2024-07-15T00:59:00,New vendor
201877,U747,2024-07-15T00:59:00,New vendor
201883,U116,2024-07-15T01:00:00,High value
201904,U558,2024-07-15T01:01:00,High value
201926,U062,2024-07-15T01:04:00,High value
201939,U441,2024-07-15T01:05:00,High value
201967,U654,2024-07-15T01:07:00,High value
201982,U391,2024-07-15T01:09:00,High value
202007,U793,2024-07-15T01:10:00,High value
202024,U436,2024-07-15T01:12:00,High value
202077,U491,2024-07-15T01:16:00,New vendor
202078,U505,2024-07-15T01:16:00,New vendor
202099,U529,2024-07-15T01:19:00,High value
202118,U351,2024-07-15T01:21:00,High value
202136,U924,2024-07-15T01:22:00,New vendor
202179,U012,2024-07-15T01:27:00,New vendor
202192,U208,2024-07-15T01:28:00,New vendor
202219,U284,2024-07-15T01:31:00,New vendor
202228,U265,2024-07-15T01:32:00,New vendor
202230,U375,2024-07-15T01:32:00,New vendor
202237,U053,2024-07-15T01:33:00,High value
202316,U028,2024-07-15T01:41:00,High value
202326,U945,2024-07-15T01:41:00,New vendor
202355,U612,2024-07-15T01:44:00,High value; New vendor
202372,U764,2024-07-15T01:46:00,High value; New vendor
202391,U415,2024-07-15T01:48:00,New vendor
202392,U484,2024-07-15T01:48:00,High value
202427,U243,2024-07-15T01:52:00,New vendor
202428,U289,2024-07-15T01:52:00,New vendor
202437,U093,2024-07-15T01:53:00,High value
202443,U327,2024-07-15T01:53:00,New vendor
202468,U577,2024-07-15T01:55:00,High value
202481,U893,2024-07-15T01:56:00,New vendor
202499,U643,2024-07-15T01:58:00,New vendor
202508,U500,2024-07-15T01:59:00,High value; New vendor
202521,U821,2024-07-15T02:00:00,New vendor
202524,U169,2024-07-15T02:01:00,New vendor
202527,U318,2024-07-15T02:01:00,High value
202545,U058,2024-07-15T02:03:00,New vendor
202546,U130,2024-07-15T02:03:00,New vendor
202554,U431,2024-07-15T02:04:00,New vendor
202570,U911,2024-07-15T02:05:00,New vendor
202573,U149,2024-07-15T02:06:00,High value; New vendor
202589,U792,2024-07-15T02:07:00,High value; New vendor
202599,U578,2024-07-15T02:08:00,New vendor
202631,U830,2024-07-15T02:11:00,New vendor
202638,U354,2024-07-15T02:12:00,New vendor
202646,U135,2024-07-15T02:13:00,New vendor
202647,U177,2024-07-15T02:13:00,New vendor
202652,U618,2024-07-15T02:13:00,New vendor
202653,U699,2024-07-15T02:13:00,New vendor
202659,U208,2024-07-15T02:14:00,New vendor
202673,U361,2024-07-15T02:15:00,New vendor
202692,U873,2024-07-15T02:16:00,High value
202693,U029,2024-07-15T02:17:00,High value
202703,U864,2024-07-15T02:17:00,New vendor
202707,U442,2024-07-15T02:18:00,New vendor
202721,U618,2024-07-15T02:20:00,High value; New vendor
202737,U475,2024-07-15T02:22:00,New vendor
202748,U241,2024-07-15T02:23:00,New vendor
202776,U261,2024-07-15T02:26:00,New vendor
202825,U961,2024-07-15T02:30:00,High value
202833,U518,2024-07-15T02:31:00,High value
202837,U783,2024-07-15T02:31:00,New vendor
202875,U863,2024-07-15T02:34:00,New vendor
202922,U787,2024-07-15T02:38:00,New vendor
202945,U988,2024-07-15T02:40:00,New vendor
202953,U859,2024-07-15T02:41:00,High value
202963,U865,2024-07-15T02:42:00,High value
202970,U300,2024-07-15T02:43:00,High value
202971,U423,2024-07-15T02:43:00,High value; New vendor
202974,U766,2024-07-15T02:43:00,New vendor
202984,U508,2024-07-15T02:44:00,New vendor
202999,U586,2024-07-15T02:45:00,New vendor
203002,U998,2024-07-15T02:45:00,High value
203084,U816,2024-07-15T02:53:00,High value; New vendor
203097,U441,2024-07-15T02:55:00,High value
203100,U826,2024-07-15T02:55:00,High value; New vendor
203116,U154,2024-07-15T02:57:00,High value
203128,U993,2024-07-15T02:58:00,New vendor
203139,U130,2024-07-15T03:00:00,New vendor
203152,U872,2024-07-15T03:01:00,New vendor
203177,U782,2024-07-15T03:04:00,New vendor
203208,U126,2024-07-15T03:07:00,New vendor
203246,U508,2024-07-15T03:11:00,High value; New vendor
203250,U841,2024-07-15T03:11:00,High value
203257,U215,2024-07-15T03:13:00,New vendor
203259,U270,2024-07-15T03:13:00,High value
203261,U484,2024-07-15T03:13:00,High value; New vendor
203262,U693,2024-07-15T03:13:00,High value
203283,U914,2024-07-15T03:15:00,New vendor
203285,U140,2024-07-15T03:16:00,High value
203292,U002,2024-07-15T03:17:00,High value; New vendor
203337,U338,2024-07-15T03:21:00,High value
203345,U738,2024-07-15T03:21:00,New vendor
203372,U086,2024-07-15T03:24:00,New vendor
203384,U985,2024-07-15T03:25:00,New vendor
203392,U297,2024-07-15T03:26:00,High value
203412,U857,2024-07-15T03:27:00,New vendor
203436,U971,2024-07-15T03:29:00,New vendor
203445,U859,2024-07-15T03:30:00,High value
203467,U407,2024-07-15T03:33:00,New vendor
203473,U790,2024-07-15T03:33:00,High value
203531,U614,2024-07-15T03:40:00,New vendor
203532,U750,2024-07-15T03:40:00,High value
203551,U705,2024-07-15T03:42:00,New vendor
203584,U406,2024-07-15T03:46:00,New vendor
203599,U995,2024-07-15T03:47:00,New vendor
203640,U171,2024-07-15T03:51:00,New vendor
203649,U412,2024-07-15T03:52:00,High value
203675,U148,2024-07-15T03:55:00,New vendor
203685,U257,2024-07-15T03:56:00,High value
203691,U517,2024-07-15T03:56:00,High value
203705,U550,2024-07-15T03:57:00,High value
203712,U640,2024-07-15T03:58:00,High value
203726,U617,2024-07-15T03:59:00,High value
203729,U040,2024-07-15T04:00:00,High value
203757,U466,2024-07-15T04:02:00,New vendor
203770,U001,2024-07-15T04:04:00,New vendor
203783,U030,2024-07-15T04:05:00,High value
203784,U046,2024-07-15T04:05:00,New vendor
203785,U068,2024-07-15T04:05:00,New vendor
203786,U243,2024-07-15T04:05:00,New vendor
203799,U450,2024-07-15T04:06:00,New vendor
203820,U825,2024-07-15T04:08:00,High value
203839,U434,2024-07-15T04:11:00,New vendor
203850,U225,2024-07-15T04:12:00,High value
203858,U086,2024-07-15T04:13:00,New vendor
203860,U341,2024-07-15T04:13:00,New vendor
203901,U558,2024-07-15T04:16:00,High value
203911,U580,2024-07-15T04:17:00,High value; New vendor
203920,U285,2024-07-15T04:18:00,New vendor
203928,U863,2024-07-15T04:18:00,New vendor
203935,U275,2024-07-15T04:19:00,New vendor
203959,U913,2024-07-15T04:21:00,New vendor
203962,U135,2024-07-15T04:22:00,New vendor
203963,U876,2024-07-15T04:22:00,High value
203989,U915,2024-07-15T04:24:00,High value; New vendor
203991,U979,2024-07-15T04:24:00,New vendor
204008,U184,2024-07-15T04:27:00,High value
204049,U171,2024-07-15T04:31:00,New vendor
204055,U066,2024-07-15T04:32:00,High value
204059,U657,2024-07-15T04:32:00,New vendor
204073,U130,2024-07-15T04:34:00,New vendor
204084,U202,2024-07-15T04:35:00,New vendor
204106,U643,2024-07-15T04:37:00,New vendor
204109,U023,2024-07-15T04:38:00,High value
204111,U268,2024-07-15T04:38:00,New vendor
204113,U470,2024-07-15T04:38:00,New vendor
204114,U493,2024-07-15T04:38:00,High value
204118,U633,2024-07-15T04:38:00,High value
204142,U386,2024-07-15T04:41:00,New vendor
204145,U540,2024-07-15T04:41:00,High value
204151,U210,2024-07-15T04:42:00,New vendor
204157,U853,2024-07-15T04:42:00,High value; New vendor
204158,U963,2024-07-15T04:42:00,New vendor
204191,U787,2024-07-15T04:45:00,New vendor
204218,U336,2024-07-15T04:48:00,New vendor
204286,U040,2024-07-15T04:55:00,High value
204305,U248,2024-07-15T04:57:00,High value
204315,U177,2024-07-15T04:58:00,High value; New vendor
204321,U731,2024-07-15T04:58:00,New vendor
204331,U027,2024-07-15T05:00:00,New vendor
204336,U265,2024-07-15T05:00:00,New vendor
204354,U778,2024-07-15T05:01:00,New vendor
204357,U029,2024-07-15T05:02:00,New vendor
204369,U836,2024-07-15T05:02:00,New vendor
204409,U516,2024-07-15T05:06:00,New vendor
204426,U843,2024-07-15T05:08:00,New vendor
204429,U076,2024-07-15T05:09:00,New vendor
204446,U760,2024-07-15T05:11:00,New vendor
204454,U969,2024-07-15T05:12:00,High value
204462,U643,2024-07-15T05:13:00,New vendor
204481,U169,2024-07-15T05:15:00,High value
204492,U792,2024-07-15T05:16:00,New vendor
204516,U326,2024-07-15T05:19:00,High value
204524,U223,2024-07-15T05:20:00,New vendor
204545,U713,2024-07-15T05:22:00,New vendor
204549,U178,2024-07-15T05:23:00,High value
204556,U978,2024-07-15T05:23:00,New vendor
204562,U503,2024-07-15T05:24:00,High value
204577,U194,2024-07-15T05:26:00,New vendor
204589,U917,2024-07-15T05:27:00,New vendor
204592,U337,2024-07-15T05:28:00,New vendor
204596,U732,2024-07-15T05:28:00,High value; New vendor
204598,U850,2024-07-15T05:28:00,New vendor
204621,U849,2024-07-15T05:30:00,High value
204641,U141,2024-07-15T05:33:00,New vendor
204656,U087,2024-07-15T05:34:00,High value; New vendor
204657,U090,2024-07-15T05:34:00,New vendor
204671,U523,2024-07-15T05:35:00,New vendor
204715,U925,2024-07-15T05:39:00,High value; New vendor
204747,U075,2024-07-15T05:43:00,High value
204766,U320,2024-07-15T05:45:00,New vendor
204772,U099,2024-07-15T05:46:00,New vendor
204777,U532,2024-07-15T05:46:00,New vendor
204795,U069,2024-07-15T05:48:00,High value
204822,U211,2024-07-15T05:50:00,New vendor
204834,U599,2024-07-15T05:51:00,New vendor
204840,U228,2024-07-15T05:52:00,High value; New vendor
204850,U121,2024-07-15T05:53:00,New vendor
204863,U360,2024-07-15T05:54:00,High value
204864,U520,2024-07-15T05:54:00,High value
204870,U863,2024-07-15T05:54:00,New vendor
204872,U024,2024-07-15T05:55:00,New vendor
204882,U765,2024-07-15T05:56:00,High value
204883,U781,2024-07-15T05:56:00,New vendor
204904,U058,2024-07-15T05:59:00,New vendor
204956,U467,2024-07-15T06:04:00,High value
204977,U788,2024-07-15T06:06:00,New vendor
204993,U328,2024-07-15T06:08:00,New vendor
205000,U061,2024-07-15T06:09:00,New vendor
205011,U874,2024-07-15T06:10:00,New vendor
205025,U019,2024-07-15T06:12:00,High value
205026,U118,2024-07-15T06:12:00,New vendor
205051,U835,2024-07-15T06:14:00,High value; New vendor
205093,U050,2024-07-15T06:19:00,High value
205126,U666,2024-07-15T06:21:00,New vendor
205132,U112,2024-07-15T06:22:00,High value
205143,U040,2024-07-15T06:23:00,High value
205155,U746,2024-07-15T06:24:00,High value
205171,U364,2024-07-15T06:26:00,New vendor
205172,U536,2024-07-15T06:26:00,High value
205173,U773,2024-07-15T06:26:00,High value
205189,U273,2024-07-15T06:28:00,New vendor
205196,U553,2024-07-15T06:28:00,New vendor
205197,U912,2024-07-15T06:28:00,High value; New vendor
205202,U732,2024-07-15T06:29:00,New vendor
205206,U248,2024-07-15T06:30:00,High value
205224,U090,2024-07-15T06:32:00,High value; New vendor
205235,U956,2024-07-15T06:32:00,High value; New vendor
205243,U333,2024-07-15T06:33:00,High value; New vendor
205255,U534,2024-07-15T06:34:00,New vendor
205271,U279,2024-07-15T06:36:00,High value
205300,U971,2024-07-15T06:38:00,High value
205308,U934,2024-07-15T06:39:00,High value; New vendor
205315,U463,2024-07-15T06:40:00,New vendor
205322,U099,2024-07-15T06:41:00,New vendor
205340,U648,2024-07-15T06:43:00,New vendor
205372,U490,2024-07-15T06:46:00,New vendor
205394,U598,2024-07-15T06:48:00,High value
205398,U375,2024-07-15T06:49:00,New vendor
205406,U143,2024-07-15T06:50:00,New vendor
205414,U015,2024-07-15T06:51:00,High value
205497,U028,2024-07-15T07:01:00,High value
205545,U570,2024-07-15T07:05:00,New vendor
205560,U231,2024-07-15T07:07:00,New vendor
205574,U827,2024-07-15T07:08:00,High value
205577,U101,2024-07-15T07:09:00,New vendor
205589,U164,2024-07-15T07:10:00,High value; New vendor
205617,U320,2024-07-15T07:12:00,New vendor
205637,U766,2024-07-15T07:14:00,New vendor
205650,U117,2024-07-15T07:16:00,New vendor
205657,U644,2024-07-15T07:16:00,New vendor
205664,U016,2024-07-15T07:17:00,New vendor
205665,U152,2024-07-15T07:17:00,New vendor
205671,U030,2024-07-15T07:18:00,High value
205676,U485,2024-07-15T07:18:00,New vendor
205685,U532,2024-07-15T07:19:00,New vendor
205693,U578,2024-07-15T07:20:00,New vendor
205716,U029,2024-07-15T07:23:00,High value
205740,U224,2024-07-15T07:25:00,New vendor
205767,U282,2024-07-15T07:27:00,High value
205782,U094,2024-07-15T07:28:00,High value; New vendor
205783,U169,2024-07-15T07:28:00,New vendor
205785,U458,2024-07-15T07:28:00,New vendor
205787,U585,2024-07-15T07:28:00,High value
205795,U978,2024-07-15T07:28:00,New vendor
205811,U924,2024-07-15T07:30:00,New vendor
205834,U723,2024-07-15T07:33:00,High value
205873,U392,2024-07-15T07:37:00,New vendor
205893,U578,2024-07-15T07:39:00,New vendor
205894,U028,2024-07-15T07:40:00,High value
205908,U929,2024-07-15T07:40:00,High value; New vendor
205923,U639,2024-07-15T07:42:00,High value; New vendor
205943,U303,2024-07-15T07:45:00,New vendor
205970,U603,2024-07-15T07:48:00,New vendor
206010,U228,2024-07-15T07:52:00,New vendor
206011,U281,2024-07-15T07:52:00,High value
206031,U288,2024-07-15T07:54:00,High value; New vendor
206049,U031,2024-07-15T07:56:00,New vendor
206104,U397,2024-07-15T08:01:00,New vendor
206105,U485,2024-07-15T08:01:00,New vendor
206106,U492,2024-07-15T08:01:00,High value
206113,U226,2024-07-15T08:02:00,New vendor
206114,U328,2024-07-15T08:02:00,New vendor
206126,U504,2024-07-15T08:03:00,New vendor
206146,U123,2024-07-15T08:05:00,New vendor
206182,U024,2024-07-15T08:09:00,High value
206193,U029,2024-07-15T08:10:00,New vendor
206211,U910,2024-07-15T08:11:00,High value
206230,U694,2024-07-15T08:13:00,High value
206233,U894,2024-07-15T08:13:00,High value
206243,U075,2024-07-15T08:15:00,New vendor
206273,U212,2024-07-15T08:18:00,High value
206278,U430,2024-07-15T08:18:00,New vendor
206283,U137,2024-07-15T08:19:00,New vendor
206307,U158,2024-07-15T08:22:00,New vendor
206310,U623,2024-07-15T08:22:00,New vendor
206320,U671,2024-07-15T08:23:00,New vendor
206336,U175,2024-07-15T08:25:00,High value
206352,U551,2024-07-15T08:27:00,New vendor
206354,U845,2024-07-15T08:27:00,New vendor
206393,U492,2024-07-15T08:31:00,High value
206397,U747,2024-07-15T08:31:00,New vendor
206449,U484,2024-07-15T08:37:00,New vendor
206462,U124,2024-07-15T08:40:00,High value
206464,U231,2024-07-15T08:40:00,New vendor
206465,U234,2024-07-15T08:40:00,High value
206493,U957,2024-07-15T08:43:00,High value
206495,U053,2024-07-15T08:44:00,High value
206507,U692,2024-07-15T08:45:00,New vendor
206508,U778,2024-07-15T08:45:00,New vendor
206514,U107,2024-07-15T08:46:00,High value
206520,U111,2024-07-15T08:47:00,New vendor
206538,U414,2024-07-15T08:48:00,High value; New vendor
206546,U318,2024-07-15T08:49:00,High value
206563,U101,2024-07-15T08:51:00,New vendor
206578,U801,2024-07-15T08:52:00,New vendor
206584,U542,2024-07-15T08:53:00,New vendor
206607,U765,2024-07-15T08:55:00,New vendor
206610,U148,2024-07-15T08:56:00,New vendor
206624,U485,2024-07-15T08:57:00,New vendor
206635,U483,2024-07-15T08:58:00,New vendor
206641,U108,2024-07-15T08:59:00,High value
206669,U730,2024-07-15T09:01:00,New vendor
206672,U263,2024-07-15T09:02:00,New vendor
206676,U611,2024-07-15T09:02:00,New vendor
206678,U655,2024-07-15T09:02:00,High value
206679,U819,2024-07-15T09:02:00,High value
206703,U461,2024-07-15T09:05:00,New vendor
206740,U373,2024-07-15T09:09:00,High value
206747,U221,2024-07-15T09:10:00,New vendor
206755,U611,2024-07-15T09:10:00,High value; New vendor
206765,U314,2024-07-15T09:11:00,High value
206785,U956,2024-07-15T09:12:00,New vendor
206786,U988,2024-07-15T09:12:00,New vendor
206789,U278,2024-07-15T09:13:00,High value; New vendor
206800,U065,2024-07-15T09:14:00,High value
206802,U126,2024-07-15T09:14:00,High value
206812,U689,2024-07-15T09:15:00,High value
206832,U446,2024-07-15T09:17:00,New vendor
206834,U566,2024-07-15T09:17:00,High value; New vendor
206840,U472,2024-07-15T09:18:00,New vendor
206844,U020,2024-07-15T09:19:00,High value
206848,U159,2024-07-15T09:19:00,New vendor
206875,U152,2024-07-15T09:23:00,High value
206891,U277,2024-07-15T09:25:00,New vendor
206892,U484,2024-07-15T09:25:00,High value
206928,U725,2024-07-15T09:28:00,High value
206932,U934,2024-07-15T09:28:00,New vendor
206935,U216,2024-07-15T09:29:00,New vendor
206943,U121,2024-07-15T09:30:00,New vendor
206954,U111,2024-07-15T09:31:00,New vendor
206964,U688,2024-07-15T09:31:00,New vendor
206979,U735,2024-07-15T09:32:00,New vendor
206983,U320,2024-07-15T09:33:00,New vendor
207001,U050,2024-07-15T09:35:00,New vendor
207007,U832,2024-07-15T09:35:00,High value
207028,U267,2024-07-15T09:38:00,High value
207029,U290,2024-07-15T09:38:00,New vendor
207043,U317,2024-07-15T09:40:00,New vendor
207076,U485,2024-07-15T09:44:00,New vendor
207080,U778,2024-07-15T09:44:00,New vendor
207091,U537,2024-07-15T09:45:00,High value
207128,U289,2024-07-15T09:49:00,New vendor
207143,U903,2024-07-15T09:50:00,New vendor
207150,U778,2024-07-15T09:51:00,New vendor
207152,U879,2024-07-15T09:51:00,High value
207162,U392,2024-07-15T09:52:00,New vendor
207166,U800,2024-07-15T09:52:00,New vendor
207195,U349,2024-07-15T09:55:00,High value
207224,U107,2024-07-15T09:58:00,High value; New vendor
207226,U251,2024-07-15T09:58:00,New vendor
207238,U104,2024-07-15T09:59:00,New vendor
207260,U827,2024-07-15T10:00:00,High value
207270,U914,2024-07-15T10:01:00,High value; New vendor
207271,U056,2024-07-15T10:02:00,New vendor
207285,U418,2024-07-15T10:03:00,New vendor
207291,U945,2024-07-15T10:03:00,New vendor
207305,U639,2024-07-15T10:05:00,New vendor
207312,U130,2024-07-15T10:06:00,New vendor
207333,U794,2024-07-15T10:07:00,High value
207345,U288,2024-07-15T10:09:00,New vendor
207351,U934,2024-07-15T10:09:00,New vendor
207401,U474,2024-07-15T10:16:00,New vendor
207471,U898,2024-07-15T10:24:00,New vendor
207487,U456,2024-07-15T10:26:00,New vendor
207492,U937,2024-07-15T10:26:00,New vendor
207528,U015,2024-07-15T10:31:00,High value; New vendor
207543,U363,2024-07-15T10:32:00,New vendor
207555,U786,2024-07-15T10:33:00,New vendor
207572,U465,2024-07-15T10:35:00,New vendor
207576,U837,2024-07-15T10:35:00,New vendor
207579,U128,2024-07-15T10:36:00,New vendor
207587,U828,2024-07-15T10:36:00,New vendor
207590,U995,2024-07-15T10:36:00,High value; New vendor
207593,U705,2024-07-15T10:37:00,New vendor
207594,U750,2024-07-15T10:37:00,High value
207649,U962,2024-07-15T10:45:00,High value
207681,U001,2024-07-15T10:49:00,New vendor
207682,U148,2024-07-15T10:49:00,New vendor
207698,U875,2024-07-15T10:50:00,High value
207717,U123,2024-07-15T10:52:00,New vendor
207721,U498,2024-07-15T10:52:00,High value
207722,U586,2024-07-15T10:52:00,New vendor
207729,U284,2024-07-15T10:53:00,New vendor
207758,U597,2024-07-15T10:55:00,New vendor
207762,U115,2024-07-15T10:56:00,New vendor
207800,U137,2024-07-15T10:59:00,High value
207814,U1000,2024-07-15T10:59:00,New vendor
207834,U533,2024-07-15T11:02:00,New vendor
207842,U358,2024-07-15T11:03:00,New vendor
207861,U347,2024-07-15T11:05:00,New vendor
207871,U483,2024-07-15T11:06:00,New vendor
207881,U990,2024-07-15T11:06:00,New vendor
207884,U131,2024-07-15T11:07:00,High value
207896,U353,2024-07-15T11:08:00,High value
207898,U847,2024-07-15T11:08:00,New vendor
207899,U964,2024-07-15T11:08:00,High value
207906,U925,2024-07-15T11:09:00,New vendor
207907,U058,2024-07-15T11:10:00,High value; New vendor
207913,U689,2024-07-15T11:10:00,High value
207940,U066,2024-07-15T11:14:00,High value
207946,U012,2024-07-15T11:15:00,New vendor
207947,U633,2024-07-15T11:15:00,New vendor
207952,U094,2024-07-15T11:16:00,High value; New vendor
207983,U402,2024-07-15T11:19:00,New vendor
207987,U586,2024-07-15T11:19:00,New vendor
207989,U913,2024-07-15T11:19:00,New vendor
207993,U618,2024-07-15T11:20:00,New vendor
208012,U093,2024-07-15T11:23:00,High value
208024,U191,2024-07-15T11:24:00,High value; New vendor
208032,U767,2024-07-15T11:25:00,High value
208045,U491,2024-07-15T11:27:00,New vendor
208047,U557,2024-07-15T11:27:00,New vendor
208061,U188,2024-07-15T11:29:00,New vendor
208077,U753,2024-07-15T11:30:00,New vendor
208086,U506,2024-07-15T11:31:00,High value
208101,U584,2024-07-15T11:32:00,New vendor
208130,U127,2024-07-15T11:36:00,New vendor
208135,U760,2024-07-15T11:36:00,High value
208174,U939,2024-07-15T11:40:00,New vendor
208175,U177,2024-07-15T11:41:00,New vendor
208176,U196,2024-07-15T11:41:00,High value; New vendor
208182,U755,2024-07-15T11:41:00,New vendor
208187,U071,2024-07-15T11:42:00,New vendor
208192,U404,2024-07-15T11:42:00,High value
208202,U399,2024-07-15T11:43:00,New vendor
208226,U625,2024-07-15T11:45:00,New vendor
208235,U323,2024-07-15T11:46:00,New vendor
208240,U776,2024-07-15T11:46:00,High value
208262,U801,2024-07-15T11:49:00,New vendor
208268,U443,2024-07-15T11:50:00,New vendor
208270,U485,2024-07-15T11:50:00,High value
208281,U643,2024-07-15T11:51:00,New vendor
208289,U601,2024-07-15T11:52:00,New vendor
208290,U681,2024-07-15T11:52:00,High value
208301,U343,2024-07-15T11:54:00,New vendor
208312,U101,2024-07-15T11:55:00,New vendor
208332,U320,2024-07-15T11:57:00,New vendor
208363,U224,2024-07-15T12:00:00,New vendor
208367,U017,2024-07-15T12:01:00,New vendor
208373,U369,2024-07-15T12:01:00,High value; New vendor
208384,U094,2024-07-15T12:03:00,New vendor
208395,U936,2024-07-15T12:04:00,New vendor
208397,U076,2024-07-15T12:05:00,New vendor
208400,U384,2024-07-15T12:05:00,New vendor
208410,U777,2024-07-15T12:06:00,High value
208413,U090,2024-07-15T12:07:00,High value; New vendor
208445,U585,2024-07-15T12:10:00,High value
208450,U041,2024-07-15T12:11:00,High value; New vendor
208451,U131,2024-07-15T12:11:00,New vendor
208454,U310,2024-07-15T12:11:00,High value
208464,U828,2024-07-15T12:12:00,New vendor
208477,U016,2024-07-15T12:14:00,New vendor
208484,U125,2024-07-15T12:15:00,High value
208494,U274,2024-07-15T12:16:00,New vendor
208557,U537,2024-07-15T12:21:00,High value
208562,U853,2024-07-15T12:21:00,New vendor
208592,U460,2024-07-15T12:24:00,High value
208603,U711,2024-07-15T12:25:00,New vendor
208605,U033,2024-07-15T12:26:00,High value
208615,U514,2024-07-15T12:27:00,New vendor
208620,U352,2024-07-15T12:28:00,High value
208633,U632,2024-07-15T12:29:00,High value
208649,U903,2024-07-15T12:31:00,New vendor
208670,U490,2024-07-15T12:34:00,New vendor
208695,U504,2024-07-15T12:36:00,New vendor
208708,U091,2024-07-15T12:38:00,New vendor
208710,U254,2024-07-15T12:38:00,High value
208722,U570,2024-07-15T12:39:00,High value; New vendor
208734,U345,2024-07-15T12:40:00,New vendor
208746,U909,2024-07-15T12:41:00,New vendor
208758,U495,2024-07-15T12:43:00,New vendor
208759,U516,2024-07-15T12:43:00,New vendor
208765,U433,2024-07-15T12:44:00,High value
208792,U871,2024-07-15T12:46:00,High value
208813,U765,2024-07-15T12:49:00,New vendor
208824,U801,2024-07-15T12:50:00,High value
208834,U663,2024-07-15T12:51:00,New vendor
208835,U878,2024-07-15T12:51:00,New vendor
208837,U990,2024-07-15T12:51:00,New vendor
208849,U669,2024-07-15T12:53:00,New vendor
208850,U763,2024-07-15T12:53:00,New vendor
208856,U674,2024-07-15T12:54:00,High value
208879,U411,2024-07-15T12:58:00,New vendor
208899,U887,2024-07-15T13:00:00,High value
208916,U792,2024-07-15T13:02:00,New vendor
208922,U232,2024-07-15T13:03:00,High value
208928,U853,2024-07-15T13:03:00,High value; New vendor
208938,U805,2024-07-15T13:04:00,High value; New vendor
208975,U365,2024-07-15T13:10:00,New vendor
208981,U098,2024-07-15T13:11:00,High value; New vendor
208987,U883,2024-07-15T13:11:00,High value
209005,U792,2024-07-15T13:13:00,New vendor
209018,U855,2024-07-15T13:14:00,High value
209030,U129,2024-07-15T13:16:00,New vendor
209039,U567,2024-07-15T13:17:00,High value
209054,U801,2024-07-15T13:19:00,High value; New vendor
209063,U490,2024-07-15T13:20:00,High value; New vendor
209071,U344,2024-07-15T13:21:00,High value; New vendor
209073,U468,2024-07-15T13:21:00,High value
209090,U964,2024-07-15T13:23:00,High value
209092,U378,2024-07-15T13:24:00,New vendor
209106,U174,2024-07-15T13:25:00,High value
209107,U289,2024-07-15T13:25:00,New vendor
209111,U466,2024-07-15T13:25:00,High value; New vendor
209123,U552,2024-07-15T13:26:00,High value
209124,U845,2024-07-15T13:26:00,New vendor
209168,U336,2024-07-15T13:32:00,New vendor
209169,U384,2024-07-15T13:32:00,New vendor
209195,U615,2024-07-15T13:35:00,High value
209199,U785,2024-07-15T13:35:00,High value
209209,U353,2024-07-15T13:37:00,High value
209211,U566,2024-07-15T13:37:00,New vendor
209221,U099,2024-07-15T13:38:00,New vendor
209227,U884,2024-07-15T13:38:00,New vendor
209242,U389,2024-07-15T13:40:00,New vendor
209245,U160,2024-07-15T13:41:00,High value
209276,U976,2024-07-15T13:43:00,High value
209278,U206,2024-07-15T13:44:00,New vendor
209293,U514,2024-07-15T13:45:00,New vendor
209310,U503,2024-07-15T13:47:00,New vendor
209316,U162,2024-07-15T13:48:00,New vendor
209345,U485,2024-07-15T13:51:00,High value
209351,U944,2024-07-15T13:51:00,High value
209354,U168,2024-07-15T13:52:00,New vendor
209381,U592,2024-07-15T13:54:00,High value
209396,U437,2024-07-15T13:56:00,High value; New vendor
209399,U702,2024-07-15T13:56:00,New vendor
209400,U010,2024-07-15T13:57:00,High value
209407,U715,2024-07-15T13:57:00,High value
209412,U354,2024-07-15T13:58:00,New vendor
209424,U336,2024-07-15T13:59:00,New vendor
209433,U291,2024-07-15T14:00:00,New vendor
209441,U498,2024-07-15T14:01:00,High value; New vendor
209453,U862,2024-07-15T14:02:00,New vendor
209498,U816,2024-07-15T14:06:00,New vendor
209501,U888,2024-07-15T14:06:00,High value
209511,U347,2024-07-15T14:07:00,New vendor
209519,U983,2024-07-15T14:07:00,High value
209537,U102,2024-07-15T14:10:00,New vendor
209542,U524,2024-07-15T14:10:00,High value; New vendor
209545,U988,2024-07-15T14:10:00,New vendor
209546,U174,2024-07-15T14:11:00,High value
209575,U817,2024-07-15T14:13:00,New vendor
209586,U524,2024-07-15T14:15:00,New vendor
209625,U221,2024-07-15T14:19:00,High value
209630,U925,2024-07-15T14:19:00,New vendor
209654,U516,2024-07-15T14:23:00,High value
209664,U827,2024-07-15T14:24:00,High value
209669,U378,2024-07-15T14:25:00,New vendor
209677,U768,2024-07-15T14:25:00,New vendor
209699,U595,2024-07-15T14:28:00,New vendor
209702,U651,2024-07-15T14:28:00,High value; New vendor
209711,U776,2024-07-15T14:29:00,High value
209712,U842,2024-07-15T14:29:00,New vendor
209731,U491,2024-07-15T14:31:00,New vendor
209741,U168,2024-07-15T14:32:00,New vendor
209742,U186,2024-07-15T14:32:00,High value; New vendor
209760,U232,2024-07-15T14:34:00,High value
209767,U397,2024-07-15T14:35:00,New vendor
209768,U543,2024-07-15T14:35:00,High value
209799,U164,2024-07-15T14:38:00,New vendor
209801,U514,2024-07-15T14:38:00,High value; New vendor
209812,U209,2024-07-15T14:39:00,New vendor
209838,U012,2024-07-15T14:42:00,New vendor
209856,U045,2024-07-15T14:44:00,High value
209860,U472,2024-07-15T14:44:00,New vendor
209862,U527,2024-07-15T14:44:00,New vendor
209866,U762,2024-07-15T14:44:00,New vendor
209883,U988,2024-07-15T14:46:00,New vendor
209886,U171,2024-07-15T14:47:00,High value; New vendor
209924,U627,2024-07-15T14:51:00,New vendor
209936,U862,2024-07-15T14:52:00,New vendor
209957,U721,2024-07-15T14:55:00,High value
209971,U168,2024-07-15T14:57:00,New vendor
209988,U711,2024-07-15T14:59:00,New vendor
209995,U641,2024-07-15T15:00:00,New vendor
210004,U373,2024-07-15T15:01:00,High value; New vendor
210006,U402,2024-07-15T15:01:00,New vendor
210011,U822,2024-07-15T15:01:00,New vendor
210014,U010,2024-07-15T15:02:00,High value
210033,U206,2024-07-15T15:04:00,New vendor
210037,U800,2024-07-15T15:04:00,New vendor
210076,U863,2024-07-15T15:08:00,New vendor
210113,U349,2024-07-15T15:14:00,New vendor
210127,U783,2024-07-15T15:15:00,High value; New vendor
210147,U438,2024-07-15T15:17:00,New vendor
210152,U765,2024-07-15T15:17:00,New vendor
210156,U001,2024-07-15T15:18:00,New vendor
210163,U229,2024-07-15T15:19:00,High value; New vendor
210171,U108,2024-07-15T15:20:00,High value
210176,U399,2024-07-15T15:20:00,High value
210194,U923,2024-07-15T15:22:00,New vendor
210205,U102,2024-07-15T15:24:00,New vendor
210206,U143,2024-07-15T15:24:00,New vendor
210229,U850,2024-07-15T15:26:00,New vendor
210237,U711,2024-07-15T15:27:00,High value; New vendor
210249,U656,2024-07-15T15:28:00,New vendor
210251,U956,2024-07-15T15:28:00,New vendor
210275,U285,2024-07-15T15:31:00,New vendor
210280,U502,2024-07-15T15:31:00,High value; New vendor
210311,U083,2024-07-15T15:35:00,High value; New vendor
210317,U339,2024-07-15T15:35:00,New vendor
210337,U244,2024-07-15T15:38:00,High value; New vendor
210339,U329,2024-07-15T15:38:00,New vendor
210354,U873,2024-07-15T15:39:00,New vendor
210379,U901,2024-07-15T15:42:00,High value
210395,U148,2024-07-15T15:44:00,New vendor
210413,U597,2024-07-15T15:46:00,New vendor
210420,U374,2024-07-15T15:47:00,New vendor
210427,U546,2024-07-15T15:48:00,New vendor
210446,U450,2024-07-15T15:50:00,High value
210454,U168,2024-07-15T15:51:00,New vendor
210457,U768,2024-07-15T15:51:00,New vendor
210461,U514,2024-07-15T15:52:00,High value; New vendor
210474,U119,2024-07-15T15:54:00,New vendor
210491,U653,2024-07-15T15:55:00,High value
210495,U469,2024-07-15T15:56:00,High value
210525,U340,2024-07-15T16:00:00,High value
210528,U547,2024-07-15T16:00:00,New vendor
210530,U660,2024-07-15T16:00:00,New vendor
210534,U245,2024-07-15T16:01:00,High value
210548,U474,2024-07-15T16:03:00,High value; New vendor
210559,U690,2024-07-15T16:04:00,High value
210566,U542,2024-07-15T16:05:00,High value
210569,U672,2024-07-15T16:05:00,New vendor
210584,U162,2024-07-15T16:07:00,New vendor
210589,U990,2024-07-15T16:07:00,New vendor
210590,U130,2024-07-15T16:08:00,New vendor
210619,U778,2024-07-15T16:10:00,New vendor
210634,U780,2024-07-15T16:11:00,High value; New vendor
210661,U290,2024-07-15T16:14:00,New vendor
210663,U313,2024-07-15T16:14:00,New vendor
210669,U544,2024-07-15T16:15:00,High value
210685,U093,2024-07-15T16:17:00,High value
210716,U786,2024-07-15T16:20:00,New vendor
210735,U086,2024-07-15T16:22:00,New vendor
210739,U484,2024-07-15T16:22:00,New vendor
210742,U633,2024-07-15T16:22:00,High value; New vendor
210744,U765,2024-07-15T16:22:00,New vendor
210745,U986,2024-07-15T16:22:00,New vendor
210747,U083,2024-07-15T16:23:00,High value; New vendor
210748,U320,2024-07-15T16:23:00,New vendor
210757,U984,2024-07-15T16:23:00,New vendor
210759,U013,2024-07-15T16:24:00,New vendor
210771,U467,2024-07-15T16:25:00,High value
210784,U353,2024-07-15T16:26:00,New vendor
210798,U484,2024-07-15T16:28:00,New vendor
210805,U037,2024-07-15T16:29:00,New vendor
210808,U341,2024-07-15T16:29:00,High value
210816,U909,2024-07-15T16:29:00,New vendor
210826,U101,2024-07-15T16:31:00,High value
210827,U119,2024-07-15T16:31:00,New vendor
210847,U518,2024-07-15T16:33:00,High value
210848,U678,2024-07-15T16:33:00,High value; New vendor
210851,U986,2024-07-15T16:33:00,New vendor
210859,U009,2024-07-15T16:35:00,New vendor
210873,U767,2024-07-15T16:35:00,High value
210879,U262,2024-07-15T16:36:00,New vendor
210881,U325,2024-07-15T16:36:00,High value
210889,U059,2024-07-15T16:37:00,New vendor
210900,U397,2024-07-15T16:38:00,New vendor
210901,U469,2024-07-15T16:38:00,High value
210930,U845,2024-07-15T16:41:00,New vendor
210933,U347,2024-07-15T16:42:00,High value; New vendor
210939,U944,2024-07-15T16:42:00,High value
210942,U232,2024-07-15T16:43:00,High value
210947,U394,2024-07-15T16:44:00,High value
210973,U283,2024-07-15T16:46:00,New vendor
210985,U260,2024-07-15T16:47:00,High value
210996,U514,2024-07-15T16:48:00,New vendor
211002,U350,2024-07-15T16:49:00,New vendor
211059,U215,2024-07-15T16:56:00,High value; New vendor
211060,U311,2024-07-15T16:56:00,High value
211091,U797,2024-07-15T16:58:00,High value
211124,U094,2024-07-15T17:02:00,High value
211130,U795,2024-07-15T17:02:00,New vendor
211134,U988,2024-07-15T17:02:00,New vendor
211153,U892,2024-07-15T17:04:00,New vendor
211154,U027,2024-07-15T17:05:00,New vendor
211156,U349,2024-07-15T17:05:00,New vendor
211170,U297,2024-07-15T17:07:00,High value
211179,U548,2024-07-15T17:08:00,High value
211194,U148,2024-07-15T17:10:00,New vendor
211202,U315,2024-07-15T17:11:00,High value
211204,U699,2024-07-15T17:11:00,New vendor
211209,U493,2024-07-15T17:12:00,High value
211227,U253,2024-07-15T17:15:00,High value
211240,U134,2024-07-15T17:16:00,New vendor
211257,U414,2024-07-15T17:18:00,New vendor
211273,U152,2024-07-15T17:20:00,High value
211280,U691,2024-07-15T17:20:00,New vendor
211302,U114,2024-07-15T17:23:00,New vendor
211311,U747,2024-07-15T17:23:00,New vendor
211386,U289,2024-07-15T17:32:00,High value; New vendor
211402,U826,2024-07-15T17:33:00,New vendor
211421,U387,2024-07-15T17:35:00,High value; New vendor
211432,U690,2024-07-15T17:36:00,High value
211446,U279,2024-07-15T17:38:00,High value; New vendor
211456,U374,2024-07-15T17:39:00,High value
211469,U007,2024-07-15T17:41:00,High value
211474,U289,2024-07-15T17:41:00,High value; New vendor
211484,U792,2024-07-15T17:42:00,High value
211503,U475,2024-07-15T17:44:00,New vendor
211526,U450,2024-07-15T17:48:00,New vendor
211529,U851,2024-07-15T17:48:00,New vendor
211540,U104,2024-07-15T17:50:00,New vendor
211542,U263,2024-07-15T17:50:00,New vendor
211553,U978,2024-07-15T17:50:00,New vendor
211566,U299,2024-07-15T17:52:00,New vendor
211576,U542,2024-07-15T17:53:00,High value; New vendor
211578,U555,2024-07-15T17:53:00,New vendor
211592,U386,2024-07-15T17:55:00,High value; New vendor
211595,U002,2024-07-15T17:56:00,High value; New vendor
211597,U071,2024-07-15T17:56:00,New vendor
211602,U614,2024-07-15T17:56:00,New vendor
211635,U862,2024-07-15T17:59:00,New vendor
211664,U889,2024-07-15T18:02:00,High value; New vendor
211665,U206,2024-07-15T18:03:00,New vendor
211666,U297,2024-07-15T18:03:00,High value
211704,U614,2024-07-15T18:08:00,New vendor
211744,U479,2024-07-15T18:12:00,New vendor
211753,U251,2024-07-15T18:14:00,New vendor
211755,U368,2024-07-15T18:14:00,New vendor
211757,U490,2024-07-15T18:14:00,New vendor
211761,U409,2024-07-15T18:15:00,High value
211782,U753,2024-07-15T18:17:00,New vendor
211783,U886,2024-07-15T18:17:00,New vendor
211787,U621,2024-07-15T18:18:00,New vendor
211806,U100,2024-07-15T18:20:00,High value; New vendor
211810,U414,2024-07-15T18:20:00,New vendor
211818,U858,2024-07-15T18:20:00,High value
211838,U956,2024-07-15T18:22:00,High value; New vendor
211840,U202,2024-07-15T18:23:00,New vendor
211848,U121,2024-07-15T18:24:00,New vendor
211854,U764,2024-07-15T18:24:00,New vendor
211871,U569,2024-07-15T18:26:00,High value
211876,U988,2024-07-15T18:27:00,High value
211886,U719,2024-07-15T18:29:00,High value
211887,U951,2024-07-15T18:29:00,High value
211921,U498,2024-07-15T18:33:00,New vendor
211938,U196,2024-07-15T18:36:00,New vendor
211954,U508,2024-07-15T18:37:00,New vendor
211957,U802,2024-07-15T18:37:00,New vendor
211959,U134,2024-07-15T18:38:00,New vendor
211963,U454,2024-07-15T18:38:00,High value
211970,U296,2024-07-15T18:39:00,New vendor
211979,U446,2024-07-15T18:40:00,New vendor
211980,U493,2024-07-15T18:40:00,High value
211996,U307,2024-07-15T18:41:00,High value
212007,U526,2024-07-15T18:42:00,New vendor
212014,U909,2024-07-15T18:42:00,New vendor
212026,U143,2024-07-15T18:44:00,New vendor
212038,U977,2024-07-15T18:44:00,New vendor
212039,U337,2024-07-15T18:45:00,New vendor
212041,U384,2024-07-15T18:45:00,New vendor
212049,U186,2024-07-15T18:46:00,New vendor
212062,U076,2024-07-15T18:47:00,New vendor
212090,U139,2024-07-15T18:50:00,New vendor
212100,U344,2024-07-15T18:51:00,High value; New vendor
212105,U569,2024-07-15T18:51:00,High value
212111,U053,2024-07-15T18:52:00,High value
212133,U424,2024-07-15T18:54:00,New vendor
212151,U850,2024-07-15T18:55:00,New vendor
212170,U484,2024-07-15T18:57:00,High value
212186,U489,2024-07-15T18:59:00,New vendor
212192,U762,2024-07-15T18:59:00,New vendor
212202,U305,2024-07-15T19:01:00,High value
212204,U329,2024-07-15T19:01:00,New vendor
212225,U968,2024-07-15T19:03:00,High value
212237,U192,2024-07-15T19:06:00,High value
212264,U292,2024-07-15T19:08:00,High value; New vendor
212293,U491,2024-07-15T19:10:00,New vendor
212297,U863,2024-07-15T19:10:00,New vendor
212305,U533,2024-07-15T19:11:00,High value
212309,U854,2024-07-15T19:11:00,New vendor
212327,U282,2024-07-15T19:14:00,High value
212329,U426,2024-07-15T19:14:00,High value; New vendor
212333,U133,2024-07-15T19:15:00,High value
212350,U228,2024-07-15T19:17:00,New vendor
212361,U514,2024-07-15T19:18:00,New vendor
212365,U822,2024-07-15T19:18:00,New vendor
212388,U853,2024-07-15T19:21:00,New vendor
212398,U464,2024-07-15T19:22:00,New vendor
212403,U732,2024-07-15T19:22:00,High value; New vendor
212407,U912,2024-07-15T19:22:00,New vendor
212412,U728,2024-07-15T19:23:00,New vendor
212418,U900,2024-07-15T19:23:00,New vendor
212428,U592,2024-07-15T19:24:00,New vendor
212442,U052,2024-07-15T19:26:00,New vendor
212452,U988,2024-07-15T19:26:00,New vendor
212479,U150,2024-07-15T19:30:00,High value
212488,U709,2024-07-15T19:31:00,High value; New vendor
212500,U618,2024-07-15T19:32:00,New vendor
212504,U961,2024-07-15T19:32:00,High value; New vendor
212511,U613,2024-07-15T19:33:00,New vendor
212514,U941,2024-07-15T19:33:00,High value
212521,U689,2024-07-15T19:34:00,High value
212584,U555,2024-07-15T19:42:00,New vendor
212586,U156,2024-07-15T19:43:00,New vendor
212600,U562,2024-07-15T19:44:00,High value
212607,U345,2024-07-15T19:45:00,New vendor
212617,U144,2024-07-15T19:46:00,High value
212628,U961,2024-07-15T19:46:00,High value
212664,U892,2024-07-15T19:50:00,High value; New vendor
212694,U862,2024-07-15T19:53:00,New vendor
212697,U526,2024-07-15T19:54:00,New vendor
212716,U654,2024-07-15T19:57:00,New vendor
212718,U003,2024-07-15T19:58:00,New vendor
212719,U007,2024-07-15T19:58:00,High value; New vendor
212724,U161,2024-07-15T19:58:00,High value
212728,U391,2024-07-15T19:58:00,New vendor
212738,U406,2024-07-15T19:59:00,High value; New vendor
212744,U921,2024-07-15T19:59:00,High value
212749,U795,2024-07-15T20:00:00,New vendor
212773,U400,2024-07-15T20:03:00,New vendor
212777,U827,2024-07-15T20:03:00,High value
212785,U613,2024-07-15T20:04:00,New vendor
212792,U158,2024-07-15T20:05:00,New vendor
212799,U282,2024-07-15T20:06:00,High value
212801,U471,2024-07-15T20:06:00,High value; New vendor
212802,U598,2024-07-15T20:06:00,High value
212803,U604,2024-07-15T20:06:00,High value; New vendor
212826,U295,2024-07-15T20:09:00,High value
212843,U337,2024-07-15T20:11:00,New vendor
212849,U906,2024-07-15T20:11:00,High value
212867,U913,2024-07-15T20:13:00,New vendor
212881,U141,2024-07-15T20:15:00,New vendor
212894,U527,2024-07-15T20:17:00,New vendor
212898,U442,2024-07-15T20:18:00,High value; New vendor
212901,U673,2024-07-15T20:18:00,High value
212911,U739,2024-07-15T20:19:00,New vendor
212928,U380,2024-07-15T20:22:00,New vendor
212930,U489,2024-07-15T20:22:00,High value
212940,U391,2024-07-15T20:23:00,High value
212943,U603,2024-07-15T20:23:00,New vendor
212955,U689,2024-07-15T20:24:00,High value
212961,U386,2024-07-15T20:25:00,High value
212974,U602,2024-07-15T20:27:00,New vendor
212985,U733,2024-07-15T20:28:00,High value
212994,U469,2024-07-15T20:29:00,High value
213020,U462,2024-07-15T20:31:00,High value
213022,U730,2024-07-15T20:31:00,High value
213039,U678,2024-07-15T20:33:00,High value; New vendor
213054,U696,2024-07-15T20:35:00,High value
213055,U854,2024-07-15T20:35:00,High value; New vendor
213063,U515,2024-07-15T20:36:00,New vendor
213075,U037,2024-07-15T20:37:00,New vendor
213086,U055,2024-07-15T20:38:00,High value
213106,U182,2024-07-15T20:41:00,High value; New vendor
213118,U675,2024-07-15T20:42:00,High value
213138,U781,2024-07-15T20:44:00,New vendor
213154,U783,2024-07-15T20:45:00,High value; New vendor
213167,U102,2024-07-15T20:47:00,New vendor
213170,U391,2024-07-15T20:47:00,High value
213184,U231,2024-07-15T20:49:00,New vendor
213185,U327,2024-07-15T20:49:00,New vendor
213194,U993,2024-07-15T20:50:00,High value; New vendor
213219,U851,2024-07-15T20:53:00,New vendor
213220,U930,2024-07-15T20:53:00,High value
213231,U834,2024-07-15T20:54:00,High value
213241,U870,2024-07-15T20:55:00,New vendor
213243,U127,2024-07-15T20:56:00,New vendor
213266,U136,2024-07-15T20:58:00,New vendor
213271,U741,2024-07-15T20:58:00,New vendor
213288,U209,2024-07-15T21:00:00,High value
213302,U202,2024-07-15T21:01:00,New vendor
213315,U985,2024-07-15T21:01:00,High value; New vendor
213316,U003,2024-07-15T21:02:00,New vendor
213330,U649,2024-07-15T21:03:00,High value
213363,U782,2024-07-15T21:06:00,New vendor
213389,U194,2024-07-15T21:09:00,High value
213395,U819,2024-07-15T21:09:00,New vendor
213404,U117,2024-07-15T21:11:00,New vendor
213413,U877,2024-07-15T21:11:00,New vendor
213425,U878,2024-07-15T21:12:00,High value; New vendor
213444,U972,2024-07-15T21:13:00,New vendor
213451,U839,2024-07-15T21:14:00,New vendor
213459,U570,2024-07-15T21:15:00,High value; New vendor
213460,U596,2024-07-15T21:15:00,New vendor
213472,U893,2024-07-15T21:16:00,New vendor
213476,U100,2024-07-15T21:17:00,High value
213489,U015,2024-07-15T21:18:00,New vendor
213498,U752,2024-07-15T21:18:00,High value
213499,U802,2024-07-15T21:18:00,New vendor
213500,U052,2024-07-15T21:19:00,New vendor
213532,U612,2024-07-15T21:23:00,New vendor
213533,U677,2024-07-15T21:23:00,New vendor
213536,U863,2024-07-15T21:23:00,New vendor
213540,U351,2024-07-15T21:24:00,High value
213558,U451,2024-07-15T21:26:00,High value
213562,U961,2024-07-15T21:26:00,New vendor
213569,U602,2024-07-15T21:27:00,New vendor
213585,U050,2024-07-15T21:30:00,New vendor
213591,U601,2024-07-15T21:30:00,New vendor
213602,U709,2024-07-15T21:31:00,High value; New vendor
213605,U171,2024-07-15T21:32:00,High value; New vendor
213606,U296,2024-07-15T21:32:00,New vendor
213608,U849,2024-07-15T21:32:00,New vendor
213664,U476,2024-07-15T21:39:00,High value
213683,U354,2024-07-15T21:41:00,New vendor
213693,U644,2024-07-15T21:42:00,New vendor
213702,U439,2024-07-15T21:43:00,High value
213731,U020,2024-07-15T21:47:00,New vendor
213742,U985,2024-07-15T21:47:00,New vendor
213764,U546,2024-07-15T21:50:00,High value
213765,U886,2024-07-15T21:50:00,New vendor
213770,U437,2024-07-15T21:51:00,New vendor
213775,U765,2024-07-15T21:51:00,New vendor
213816,U968,2024-07-15T21:55:00,High value
213823,U782,2024-07-15T21:56:00,New vendor
213835,U656,2024-07-15T21:57:00,New vendor
213869,U666,2024-07-15T22:01:00,New vendor
213879,U451,2024-07-15T22:03:00,New vendor
213890,U208,2024-07-15T22:05:00,New vendor
213906,U114,2024-07-15T22:07:00,New vendor
213920,U330,2024-07-15T22:08:00,New vendor
213934,U677,2024-07-15T22:09:00,New vendor
213937,U160,2024-07-15T22:10:00,New vendor
213957,U836,2024-07-15T22:12:00,New vendor
213961,U092,2024-07-15T22:13:00,High value
214002,U714,2024-07-15T22:16:00,New vendor
214011,U612,2024-07-15T22:17:00,New vendor
214036,U535,2024-07-15T22:19:00,High value
214067,U012,2024-07-15T22:23:00,New vendor
214094,U850,2024-07-15T22:26:00,New vendor
214124,U225,2024-07-15T22:30:00,New vendor
214150,U505,2024-07-15T22:32:00,High value; New vendor
214151,U516,2024-07-15T22:32:00,New vendor
214154,U592,2024-07-15T22:32:00,New vendor
214162,U472,2024-07-15T22:33:00,High value; New vendor
214175,U671,2024-07-15T22:34:00,New vendor
214195,U262,2024-07-15T22:36:00,New vendor
214199,U749,2024-07-15T22:36:00,New vendor
214202,U832,2024-07-15T22:36:00,High value
214219,U915,2024-07-15T22:38:00,New vendor
214233,U323,2024-07-15T22:40:00,High value
214235,U552,2024-07-15T22:40:00,New vendor
214250,U292,2024-07-15T22:42:00,New vendor
214268,U870,2024-07-15T22:44:00,High value; New vendor
214277,U909,2024-07-15T22:45:00,New vendor
214281,U337,2024-07-15T22:46:00,New vendor
214292,U287,2024-07-15T22:47:00,High value
214294,U344,2024-07-15T22:47:00,New vendor
214305,U278,2024-07-15T22:48:00,New vendor
214308,U773,2024-07-15T22:48:00,High value
214321,U618,2024-07-15T22:49:00,New vendor
214323,U666,2024-07-15T22:49:00,New vendor
214342,U409,2024-07-15T22:51:00,High value; New vendor
214353,U975,2024-07-15T22:51:00,High value
214359,U254,2024-07-15T22:53:00,New vendor
214361,U470,2024-07-15T22:53:00,High value
214374,U741,2024-07-15T22:54:00,New vendor
214406,U702,2024-07-15T22:57:00,High value
214410,U010,2024-07-15T22:58:00,High value
214421,U146,2024-07-15T22:59:00,New vendor
214439,U553,2024-07-15T23:01:00,New vendor
214448,U934,2024-07-15T23:02:00,New vendor
214456,U639,2024-07-15T23:03:00,New vendor
214461,U342,2024-07-15T23:04:00,High value; New vendor
214470,U166,2024-07-15T23:05:00,High value; New vendor
214484,U281,2024-07-15T23:07:00,High value
214486,U481,2024-07-15T23:07:00,High value
214533,U877,2024-07-15T23:11:00,New vendor
214555,U392,2024-07-15T23:13:00,New vendor
214571,U516,2024-07-15T23:15:00,New vendor
214579,U028,2024-07-15T23:16:00,High value
214587,U188,2024-07-15T23:17:00,New vendor
214590,U698,2024-07-15T23:17:00,High value
214601,U911,2024-07-15T23:18:00,New vendor
214607,U460,2024-07-15T23:19:00,High value
214610,U741,2024-07-15T23:19:00,New vendor
214616,U148,2024-07-15T23:20:00,New vendor
214632,U672,2024-07-15T23:21:00,New vendor
214646,U445,2024-07-15T23:23:00,High value
214649,U849,2024-07-15T23:23:00,High value; New vendor
214656,U443,2024-07-15T23:24:00,New vendor
214670,U509,2024-07-15T23:26:00,New vendor
214685,U514,2024-07-15T23:28:00,High value
214688,U071,2024-07-15T23:29:00,High value; New vendor
214724,U557,2024-07-15T23:34:00,New vendor
214735,U959,2024-07-15T23:35:00,New vendor
214751,U621,2024-07-15T23:37:00,New vendor
214753,U648,2024-07-15T23:37:00,New vendor
214763,U783,2024-07-15T23:38:00,New vendor
214778,U118,2024-07-15T23:40:00,New vendor
214802,U130,2024-07-15T23:43:00,New vendor
214804,U492,2024-07-15T23:43:00,High value
214810,U357,2024-07-15T23:44:00,High value
214815,U878,2024-07-15T23:44:00,New vendor
214844,U786,2024-07-15T23:47:00,New vendor
214864,U855,2024-07-15T23:50:00,High value
214874,U984,2024-07-15T23:51:00,New vendor
214893,U290,2024-07-15T23:53:00,High value
214906,U215,2024-07-15T23:54:00,New vendor
214907,U350,2024-07-15T23:54:00,High value
214911,U742,2024-07-15T23:54:00,High value
214920,U242,2024-07-15T23:55:00,High value
214927,U937,2024-07-15T23:55:00,High value; New vendor
214933,U835,2024-07-15T23:56:00,New vendor
214936,U007,2024-07-15T23:57:00,New vendor
214943,U511,2024-07-15T23:57:00,High value; New vendor
214952,U188,2024-07-15T23:58:00,New vendor
214955,U642,2024-07-15T23:58:00,New vendor
214964,U141,2024-07-16T00:00:00,New vendor
214991,U002,2024-07-16T00:02:00,New vendor
215012,U186,2024-07-16T00:04:00,New vendor
215018,U994,2024-07-16T00:04:00,High value; New vendor
215022,U918,2024-07-16T00:05:00,New vendor
215034,U172,2024-07-16T00:07:00,High value
215114,U073,2024-07-16T00:16:00,New vendor
215121,U467,2024-07-16T00:17:00,High value
215157,U402,2024-07-16T00:21:00,New vendor
215166,U348,2024-07-16T00:22:00,High value
215183,U265,2024-07-16T00:24:00,High value
215212,U665,2024-07-16T00:28:00,New vendor
215214,U947,2024-07-16T00:28:00,High value
215215,U046,2024-07-16T00:29:00,New vendor
215219,U935,2024-07-16T00:29:00,High value
215221,U094,2024-07-16T00:30:00,New vendor
215236,U503,2024-07-16T00:31:00,High value; New vendor
215237,U542,2024-07-16T00:31:00,High value; New vendor
215280,U530,2024-07-16T00:36:00,High value
215281,U565,2024-07-16T00:36:00,High value
215295,U699,2024-07-16T00:37:00,New vendor
215309,U709,2024-07-16T00:38:00,New vendor
215310,U714,2024-07-16T00:38:00,New vendor
215311,U737,2024-07-16T00:38:00,High value
215319,U646,2024-07-16T00:39:00,High value; New vendor
215333,U409,2024-07-16T00:42:00,High value; New vendor
215338,U674,2024-07-16T00:42:00,High value
215355,U162,2024-07-16T00:44:00,New vendor
215370,U193,2024-07-16T00:45:00,New vendor
215378,U141,2024-07-16T00:46:00,New vendor
215379,U216,2024-07-16T00:46:00,New vendor
215394,U128,2024-07-16T00:48:00,New vendor
215408,U518,2024-07-16T00:49:00,High value
215414,U105,2024-07-16T00:50:00,High value
215432,U206,2024-07-16T00:53:00,High value; New vendor
215433,U259,2024-07-16T00:53:00,New vendor
215436,U572,2024-07-16T00:53:00,High value
215450,U690,2024-07-16T00:54:00,High value
215464,U836,2024-07-16T00:56:00,New vendor
215476,U238,2024-07-16T00:58:00,High value
215477,U270,2024-07-16T00:58:00,High value
215481,U429,2024-07-16T00:58:00,New vendor
215483,U544,2024-07-16T00:58:00,New vendor
215499,U127,2024-07-16T01:00:00,New vendor
215510,U259,2024-07-16T01:01:00,New vendor
215523,U305,2024-07-16T01:02:00,High value
215524,U433,2024-07-16T01:02:00,High value
215530,U080,2024-07-16T01:03:00,New vendor
215541,U350,2024-07-16T01:04:00,New vendor
215547,U944,2024-07-16T01:04:00,New vendor
215549,U061,2024-07-16T01:05:00,New vendor
215563,U841,2024-07-16T01:06:00,High value
215572,U255,2024-07-16T01:08:00,New vendor
215577,U505,2024-07-16T01:08:00,High value
215580,U190,2024-07-16T01:09:00,New vendor
215589,U024,2024-07-16T01:10:00,High value; New vendor
215592,U172,2024-07-16T01:10:00,High value
215593,U458,2024-07-16T01:10:00,New vendor
215595,U509,2024-07-16T01:10:00,New vendor
215609,U758,2024-07-16T01:11:00,High value
215618,U629,2024-07-16T01:12:00,New vendor
215631,U336,2024-07-16T01:14:00,High value
215633,U829,2024-07-16T01:14:00,High value
215669,U962,2024-07-16T01:18:00,High value
215686,U443,2024-07-16T01:20:00,New vendor
215690,U065,2024-07-16T01:21:00,High value
215711,U118,2024-07-16T01:24:00,New vendor
215716,U308,2024-07-16T01:24:00,High value
215723,U885,2024-07-16T01:24:00,New vendor
215726,U561,2024-07-16T01:25:00,High value; New vendor
215740,U216,2024-07-16T01:27:00,New vendor
215742,U923,2024-07-16T01:27:00,New vendor
215758,U627,2024-07-16T01:29:00,New vendor
215779,U122,2024-07-16T01:32:00,New vendor
215812,U013,2024-07-16T01:36:00,New vendor
215822,U298,2024-07-16T01:37:00,New vendor
215827,U786,2024-07-16T01:37:00,New vendor
215844,U275,2024-07-16T01:40:00,New vendor
215855,U564,2024-07-16T01:41:00,New vendor
215891,U160,2024-07-16T01:46:00,New vendor
215893,U291,2024-07-16T01:46:00,High value; New vendor
215898,U553,2024-07-16T01:47:00,New vendor
215908,U064,2024-07-16T01:48:00,High value; New vendor
215912,U401,2024-07-16T01:48:00,New vendor
215914,U549,2024-07-16T01:48:00,High value
215915,U611,2024-07-16T01:48:00,High value; New vendor
215921,U117,2024-07-16T01:49:00,New vendor
215922,U133,2024-07-16T01:49:00,High value
215945,U472,2024-07-16T01:52:00,New vendor
215950,U741,2024-07-16T01:52:00,High value
215953,U424,2024-07-16T01:53:00,New vendor
215973,U532,2024-07-16T01:56:00,New vendor
216006,U091,2024-07-16T02:00:00,New vendor
216007,U623,2024-07-16T02:00:00,High value; New vendor
216023,U457,2024-07-16T02:01:00,New vendor
216033,U188,2024-07-16T02:03:00,New vendor
216036,U467,2024-07-16T02:03:00,High value
216037,U853,2024-07-16T02:03:00,New vendor
216050,U913,2024-07-16T02:05:00,New vendor
216062,U928,2024-07-16T02:06:00,New vendor
216067,U613,2024-07-16T02:07:00,New vendor
216089,U482,2024-07-16T02:10:00,High value; New vendor
216100,U265,2024-07-16T02:11:00,New vendor
216129,U013,2024-07-16T02:15:00,New vendor
216137,U593,2024-07-16T02:15:00,High value; New vendor
216155,U205,2024-07-16T02:17:00,High value
216170,U500,2024-07-16T02:18:00,New vendor
216175,U904,2024-07-16T02:18:00,New vendor
216198,U698,2024-07-16T02:21:00,High value
216199,U729,2024-07-16T02:21:00,High value
216210,U111,2024-07-16T02:23:00,New vendor
216249,U674,2024-07-16T02:26:00,High value
216256,U959,2024-07-16T02:27:00,New vendor
216281,U778,2024-07-16T02:30:00,New vendor
216286,U174,2024-07-16T02:31:00,High value
216288,U395,2024-07-16T02:31:00,High value
216293,U633,2024-07-16T02:31:00,High value; New vendor
216296,U792,2024-07-16T02:31:00,New vendor
216306,U384,2024-07-16T02:32:00,New vendor
216308,U641,2024-07-16T02:32:00,High value
216314,U625,2024-07-16T02:33:00,New vendor
216322,U638,2024-07-16T02:34:00,New vendor
216323,U643,2024-07-16T02:34:00,New vendor
216329,U526,2024-07-16T02:35:00,New vendor
216331,U925,2024-07-16T02:35:00,High value
216333,U026,2024-07-16T02:36:00,New vendor
216339,U243,2024-07-16T02:37:00,New vendor
216355,U589,2024-07-16T02:39:00,New vendor
216367,U488,2024-07-16T02:41:00,High value
216372,U961,2024-07-16T02:41:00,High value
216378,U080,2024-07-16T02:42:00,New vendor
216381,U188,2024-07-16T02:42:00,New vendor
216383,U472,2024-07-16T02:42:00,New vendor
216394,U288,2024-07-16T02:43:00,New vendor
216409,U206,2024-07-16T02:45:00,New vendor
216459,U690,2024-07-16T02:49:00,High value
216465,U102,2024-07-16T02:50:00,New vendor
216489,U851,2024-07-16T02:52:00,New vendor
216518,U696,2024-07-16T02:55:00,High value
216524,U566,2024-07-16T02:56:00,High value; New vendor
216529,U112,2024-07-16T02:57:00,High value
216546,U624,2024-07-16T02:58:00,New vendor
216548,U993,2024-07-16T02:58:00,New vendor
216550,U182,2024-07-16T02:59:00,New vendor
216555,U337,2024-07-16T02:59:00,High value
216568,U616,2024-07-16T03:00:00,High value
216572,U846,2024-07-16T03:00:00,High value
216583,U690,2024-07-16T03:02:00,High value
216586,U098,2024-07-16T03:03:00,New vendor
216631,U514,2024-07-16T03:08:00,New vendor
216636,U383,2024-07-16T03:09:00,New vendor
216645,U872,2024-07-16T03:09:00,New vendor
216659,U851,2024-07-16T03:11:00,New vendor
216678,U691,2024-07-16T03:14:00,New vendor
216699,U765,2024-07-16T03:16:00,New vendor
216712,U413,2024-07-16T03:18:00,New vendor
216732,U060,2024-07-16T03:21:00,High value
216774,U505,2024-07-16T03:26:00,High value; New vendor
216780,U286,2024-07-16T03:27:00,New vendor
216786,U795,2024-07-16T03:27:00,New vendor
216787,U001,2024-07-16T03:28:00,New vendor
216804,U298,2024-07-16T03:30:00,New vendor
216807,U651,2024-07-16T03:30:00,New vendor
216833,U064,2024-07-16T03:34:00,High value
216851,U357,2024-07-16T03:35:00,High value
216861,U107,2024-07-16T03:36:00,New vendor
216862,U251,2024-07-16T03:36:00,High value; New vendor
216875,U367,2024-07-16T03:37:00,High value
216898,U971,2024-07-16T03:39:00,New vendor
216912,U432,2024-07-16T03:41:00,New vendor
216922,U670,2024-07-16T03:42:00,New vendor
216939,U828,2024-07-16T03:44:00,High value; New vendor
216948,U471,2024-07-16T03:45:00,High value; New vendor
216951,U883,2024-07-16T03:45:00,New vendor
216957,U286,2024-07-16T03:46:00,New vendor
216988,U401,2024-07-16T03:50:00,New vendor
216995,U248,2024-07-16T03:51:00,High value
217021,U521,2024-07-16T03:54:00,High value
217038,U353,2024-07-16T03:57:00,New vendor
217051,U074,2024-07-16T03:59:00,New vendor
217064,U411,2024-07-16T04:00:00,New vendor
217070,U064,2024-07-16T04:01:00,New vendor
217082,U299,2024-07-16T04:02:00,New vendor
217088,U123,2024-07-16T04:03:00,New vendor
217092,U560,2024-07-16T04:03:00,High value
217095,U041,2024-07-16T04:04:00,New vendor
217104,U283,2024-07-16T04:05:00,New vendor
217119,U682,2024-07-16T04:07:00,High value
217127,U100,2024-07-16T04:09:00,High value; New vendor
217131,U785,2024-07-16T04:09:00,High value
217230,U665,2024-07-16T04:19:00,New vendor
217235,U150,2024-07-16T04:20:00,High value
217259,U648,2024-07-16T04:22:00,New vendor
217268,U816,2024-07-16T04:23:00,New vendor
217282,U550,2024-07-16T04:25:00,High value
217285,U635,2024-07-16T04:25:00,High value
217294,U479,2024-07-16T04:26:00,New vendor
217354,U401,2024-07-16T04:33:00,New vendor
217361,U903,2024-07-16T04:33:00,New vendor
217379,U977,2024-07-16T04:35:00,New vendor
217385,U472,2024-07-16T04:36:00,High value
217424,U524,2024-07-16T04:40:00,New vendor
217431,U206,2024-07-16T04:41:00,High value; New vendor
217432,U502,2024-07-16T04:41:00,New vendor
217444,U913,2024-07-16T04:42:00,New vendor
217455,U208,2024-07-16T04:44:00,New vendor
217462,U183,2024-07-16T04:45:00,New vendor
217500,U248,2024-07-16T04:50:00,High value
217507,U815,2024-07-16T04:50:00,High value
217519,U409,2024-07-16T04:52:00,New vendor
217523,U738,2024-07-16T04:52:00,High value
217541,U369,2024-07-16T04:54:00,High value; New vendor
217553,U285,2024-07-16T04:55:00,High value; New vendor
217559,U820,2024-07-16T04:55:00,High value
217567,U226,2024-07-16T04:56:00,New vendor
217578,U703,2024-07-16T04:57:00,High value; New vendor
217598,U800,2024-07-16T04:59:00,New vendor
217612,U365,2024-07-16T05:01:00,New vendor
217634,U177,2024-07-16T05:04:00,New vendor
217645,U251,2024-07-16T05:05:00,New vendor
217653,U644,2024-07-16T05:06:00,High value
217667,U694,2024-07-16T05:07:00,High value
217670,U016,2024-07-16T05:08:00,New vendor
217683,U099,2024-07-16T05:09:00,New vendor
217691,U780,2024-07-16T05:09:00,New vendor
217694,U914,2024-07-16T05:09:00,New vendor
217702,U747,2024-07-16T05:10:00,High value; New vendor
217709,U635,2024-07-16T05:11:00,High value
217710,U654,2024-07-16T05:11:00,High value
217718,U073,2024-07-16T05:12:00,New vendor
217722,U368,2024-07-16T05:12:00,New vendor
217730,U001,2024-07-16T05:13:00,New vendor
217737,U584,2024-07-16T05:13:00,New vendor
217756,U648,2024-07-16T05:16:00,New vendor
217763,U749,2024-07-16T05:17:00,High value; New vendor
217764,U808,2024-07-16T05:17:00,New vendor
217771,U563,2024-07-16T05:18:00,High value; New vendor
217791,U061,2024-07-16T05:21:00,New vendor
217798,U722,2024-07-16T05:21:00,New vendor
217809,U465,2024-07-16T05:22:00,New vendor
217821,U564,2024-07-16T05:23:00,New vendor
217833,U677,2024-07-16T05:25:00,New vendor
217836,U155,2024-07-16T05:26:00,High value
217908,U602,2024-07-16T05:34:00,New vendor
217914,U670,2024-07-16T05:35:00,High value
217917,U1000,2024-07-16T05:35:00,New vendor
217939,U221,2024-07-16T05:38:00,New vendor
217943,U424,2024-07-16T05:38:00,High value
217955,U586,2024-07-16T05:39:00,New vendor
217959,U468,2024-07-16T05:40:00,High value
217967,U209,2024-07-16T05:41:00,New vendor
217978,U057,2024-07-16T05:42:00,High value
217986,U788,2024-07-16T05:42:00,New vendor
217990,U386,2024-07-16T05:43:00,New vendor
218047,U525,2024-07-16T05:49:00,High value
218063,U763,2024-07-16T05:50:00,New vendor
218078,U368,2024-07-16T05:52:00,New vendor
218097,U413,2024-07-16T05:54:00,New vendor
218102,U366,2024-07-16T05:55:00,New vendor
218106,U998,2024-07-16T05:55:00,High value
218114,U913,2024-07-16T05:56:00,High value; New vendor
218134,U687,2024-07-16T05:58:00,High value
218141,U223,2024-07-16T05:59:00,New vendor
218147,U982,2024-07-16T05:59:00,High value
218157,U575,2024-07-16T06:00:00,New vendor
218178,U764,2024-07-16T06:02:00,High value
218180,U933,2024-07-16T06:02:00,High value
218184,U233,2024-07-16T06:03:00,New vendor
218187,U747,2024-07-16T06:03:00,High value
218197,U350,2024-07-16T06:04:00,New vendor
218253,U751,2024-07-16T06:10:00,High value
218264,U821,2024-07-16T06:11:00,New vendor
218280,U422,2024-07-16T06:14:00,High value
218285,U122,2024-07-16T06:15:00,New vendor
218286,U225,2024-07-16T06:15:00,New vendor
218293,U911,2024-07-16T06:15:00,New vendor
218294,U024,2024-07-16T06:16:00,High value; New vendor
218314,U703,2024-07-16T06:18:00,New vendor
218325,U484,2024-07-16T06:19:00,New vendor
218346,U414,2024-07-16T06:22:00,High value
218352,U932,2024-07-16T06:22:00,High value
218360,U564,2024-07-16T06:23:00,New vendor
218377,U780,2024-07-16T06:24:00,New vendor
218396,U831,2024-07-16T06:26:00,High value
218399,U252,2024-07-16T06:27:00,High value
218411,U509,2024-07-16T06:28:00,New vendor
218417,U039,2024-07-16T06:29:00,High value
218422,U401,2024-07-16T06:29:00,New vendor
218446,U327,2024-07-16T06:32:00,New vendor
218479,U183,2024-07-16T06:37:00,High value; New vendor
218485,U033,2024-07-16T06:38:00,High value
218487,U201,2024-07-16T06:38:00,High value
218523,U347,2024-07-16T06:41:00,New vendor
218572,U739,2024-07-16T06:46:00,New vendor
218578,U496,2024-07-16T06:47:00,New vendor
218584,U057,2024-07-16T06:48:00,High value
218585,U212,2024-07-16T06:48:00,High value
218593,U713,2024-07-16T06:48:00,High value; New vendor
218611,U669,2024-07-16T06:51:00,New vendor
218612,U728,2024-07-16T06:51:00,New vendor
218616,U056,2024-07-16T06:52:00,New vendor
218619,U479,2024-07-16T06:52:00,New vendor
218628,U046,2024-07-16T06:53:00,High value
218634,U562,2024-07-16T06:53:00,High value
218639,U390,2024-07-16T06:54:00,High value
218642,U887,2024-07-16T06:54:00,High value
218643,U966,2024-07-16T06:54:00,High value; New vendor
218647,U115,2024-07-16T06:55:00,New vendor
218669,U1000,2024-07-16T06:56:00,High value; New vendor
218683,U828,2024-07-16T06:58:00,New vendor
218689,U810,2024-07-16T06:59:00,High value
218693,U365,2024-07-16T07:00:00,High value
218713,U956,2024-07-16T07:01:00,New vendor
218726,U122,2024-07-16T07:03:00,New vendor
218735,U160,2024-07-16T07:04:00,New vendor
218756,U063,2024-07-16T07:06:00,New vendor
218757,U139,2024-07-16T07:06:00,New vendor
218772,U020,2024-07-16T07:08:00,New vendor
218779,U485,2024-07-16T07:08:00,High value; New vendor
218799,U098,2024-07-16T07:10:00,New vendor
218823,U158,2024-07-16T07:12:00,New vendor
218879,U672,2024-07-16T07:17:00,High value
218888,U619,2024-07-16T07:19:00,New vendor
218897,U840,2024-07-16T07:20:00,High value; New vendor
218907,U196,2024-07-16T07:22:00,New vendor
218920,U354,2024-07-16T07:24:00,High value
218953,U285,2024-07-16T07:28:00,High value
218982,U004,2024-07-16T07:31:00,High value
218986,U607,2024-07-16T07:31:00,New vendor
218995,U413,2024-07-16T07:32:00,High value; New vendor
219002,U376,2024-07-16T07:33:00,New vendor
219008,U766,2024-07-16T07:34:00,High value; New vendor
219010,U828,2024-07-16T07:34:00,New vendor
219031,U471,2024-07-16T07:36:00,New vendor
219033,U758,2024-07-16T07:36:00,High value; New vendor
219052,U221,2024-07-16T07:39:00,New vendor
219067,U884,2024-07-16T07:41:00,New vendor
219094,U830,2024-07-16T07:45:00,High value; New vendor
219104,U827,2024-07-16T07:46:00,High value
219105,U882,2024-07-16T07:46:00,High value; New vendor
219111,U186,2024-07-16T07:47:00,New vendor
219127,U873,2024-07-16T07:48:00,New vendor
219151,U580,2024-07-16T07:51:00,New vendor
219192,U527,2024-07-16T07:56:00,High value; New vendor
219219,U337,2024-07-16T07:59:00,New vendor
219220,U392,2024-07-16T07:59:00,New vendor
219268,U908,2024-07-16T08:05:00,High value
219270,U383,2024-07-16T08:06:00,High value
219275,U800,2024-07-16T08:06:00,High value
219287,U581,2024-07-16T08:07:00,High value
219290,U001,2024-07-16T08:08:00,High value
219297,U1000,2024-07-16T08:08:00,High value
219310,U649,2024-07-16T08:10:00,New vendor
219313,U335,2024-07-16T08:11:00,High value
219315,U607,2024-07-16T08:11:00,New vendor
219322,U027,2024-07-16T08:13:00,New vendor
219323,U122,2024-07-16T08:13:00,High value
219344,U357,2024-07-16T08:15:00,High value
219345,U467,2024-07-16T08:15:00,High value
219346,U631,2024-07-16T08:15:00,High value
219347,U731,2024-07-16T08:15:00,New vendor
219352,U087,2024-07-16T08:16:00,New vendor
219357,U508,2024-07-16T08:16:00,High value; New vendor
219358,U564,2024-07-16T08:16:00,New vendor
219367,U165,2024-07-16T08:17:00,High value
219380,U767,2024-07-16T08:18:00,High value
219392,U344,2024-07-16T08:20:00,High value; New vendor
219396,U119,2024-07-16T08:21:00,New vendor
219401,U074,2024-07-16T08:22:00,High value; New vendor
219405,U393,2024-07-16T08:22:00,High value
219409,U509,2024-07-16T08:22:00,High value
219410,U524,2024-07-16T08:22:00,High value; New vendor
219412,U763,2024-07-16T08:22:00,New vendor
219419,U236,2024-07-16T08:23:00,High value
219423,U738,2024-07-16T08:23:00,New vendor
219429,U552,2024-07-16T08:24:00,New vendor
219452,U768,2024-07-16T08:27:00,New vendor
219453,U813,2024-07-16T08:27:00,New vendor
219495,U462,2024-07-16T08:34:00,High value
219511,U294,2024-07-16T08:36:00,High value
219520,U652,2024-07-16T08:37:00,New vendor
219527,U167,2024-07-16T08:38:00,New vendor
219531,U741,2024-07-16T08:38:00,High value
219533,U814,2024-07-16T08:38:00,High value
219542,U510,2024-07-16T08:39:00,High value
219548,U231,2024-07-16T08:40:00,New vendor
219570,U197,2024-07-16T08:42:00,High value
219580,U998,2024-07-16T08:42:00,High value
219584,U498,2024-07-16T08:43:00,High value; New vendor
219590,U463,2024-07-16T08:44:00,New vendor
219605,U684,2024-07-16T08:45:00,New vendor
219620,U141,2024-07-16T08:47:00,High value
219683,U123,2024-07-16T08:54:00,High value
219709,U217,2024-07-16T08:57:00,High value
219713,U438,2024-07-16T08:57:00,New vendor
219714,U552,2024-07-16T08:57:00,New vendor
219749,U972,2024-07-16T09:01:00,New vendor
219758,U105,2024-07-16T09:03:00,High value
219765,U414,2024-07-16T09:03:00,High value; New vendor
219774,U633,2024-07-16T09:04:00,New vendor
219804,U923,2024-07-16T09:07:00,High value; New vendor
219814,U384,2024-07-16T09:09:00,New vendor
219817,U835,2024-07-16T09:09:00,New vendor
219832,U671,2024-07-16T09:11:00,New vendor
219837,U337,2024-07-16T09:12:00,High value
219838,U366,2024-07-16T09:12:00,New vendor
219839,U506,2024-07-16T09:12:00,High value
219844,U090,2024-07-16T09:13:00,New vendor
219847,U807,2024-07-16T09:13:00,High value
219885,U194,2024-07-16T09:17:00,High value
219927,U557,2024-07-16T09:21:00,High value
219928,U572,2024-07-16T09:21:00,High value
219942,U918,2024-07-16T09:22:00,New vendor
219963,U923,2024-07-16T09:24:00,New vendor
219981,U436,2024-07-16T09:26:00,High value
219992,U527,2024-07-16T09:27:00,High value; New vendor
219996,U349,2024-07-16T09:28:00,High value
220002,U840,2024-07-16T09:28:00,New vendor
220005,U495,2024-07-16T09:29:00,New vendor
220014,U426,2024-07-16T09:30:00,High value
220038,U737,2024-07-16T09:32:00,High value
220047,U570,2024-07-16T09:33:00,New vendor
220058,U959,2024-07-16T09:34:00,New vendor
220072,U672,2024-07-16T09:36:00,New vendor
220089,U301,2024-07-16T09:38:00,New vendor
220104,U653,2024-07-16T09:40:00,High value
220108,U042,2024-07-16T09:41:00,New vendor
220129,U644,2024-07-16T09:42:00,New vendor
220160,U146,2024-07-16T09:46:00,New vendor
220166,U926,2024-07-16T09:46:00,High value
220171,U450,2024-07-16T09:47:00,New vendor
220176,U627,2024-07-16T09:48:00,New vendor
220192,U254,2024-07-16T09:50:00,High value; New vendor
220194,U409,2024-07-16T09:50:00,High value; New vendor
220198,U777,2024-07-16T09:50:00,High value
220203,U504,2024-07-16T09:51:00,High value
220244,U028,2024-07-16T09:56:00,High value
220287,U349,2024-07-16T10:01:00,New vendor
220302,U341,2024-07-16T10:03:00,New vendor
220325,U258,2024-07-16T10:06:00,High value
220326,U285,2024-07-16T10:06:00,New vendor
220352,U431,2024-07-16T10:09:00,High value; New vendor
220376,U618,2024-07-16T10:11:00,New vendor
220392,U677,2024-07-16T10:13:00,New vendor
220433,U119,2024-07-16T10:18:00,New vendor
220446,U986,2024-07-16T10:19:00,New vendor
220449,U106,2024-07-16T10:20:00,High value
220454,U885,2024-07-16T10:20:00,New vendor
220460,U638,2024-07-16T10:21:00,New vendor
220474,U202,2024-07-16T10:23:00,New vendor
220487,U161,2024-07-16T10:24:00,New vendor
220491,U327,2024-07-16T10:24:00,New vendor
220528,U802,2024-07-16T10:27:00,New vendor
220545,U911,2024-07-16T10:29:00,New vendor
220557,U359,2024-07-16T10:31:00,New vendor
220591,U119,2024-07-16T10:35:00,New vendor
220609,U141,2024-07-16T10:36:00,New vendor
220610,U171,2024-07-16T10:36:00,High value; New vendor
220617,U783,2024-07-16T10:36:00,New vendor
220625,U441,2024-07-16T10:37:00,High value
220633,U074,2024-07-16T10:38:00,High value
220635,U195,2024-07-16T10:38:00,High value
220668,U759,2024-07-16T10:41:00,New vendor
220688,U722,2024-07-16T10:43:00,New vendor
220712,U071,2024-07-16T10:46:00,New vendor
220727,U056,2024-07-16T10:48:00,High value
220745,U337,2024-07-16T10:49:00,High value
220755,U753,2024-07-16T10:49:00,New vendor
220760,U236,2024-07-16T10:50:00,High value
220778,U617,2024-07-16T10:52:00,High value
220859,U909,2024-07-16T11:00:00,High value; New vendor
220892,U884,2024-07-16T11:04:00,New vendor
220896,U649,2024-07-16T11:05:00,New vendor
220920,U424,2024-07-16T11:08:00,High value; New vendor
220923,U872,2024-07-16T11:08:00,High value; New vendor
220950,U717,2024-07-16T11:11:00,High value
220951,U789,2024-07-16T11:11:00,High value
220957,U663,2024-07-16T11:12:00,High value; New vendor
220989,U811,2024-07-16T11:14:00,New vendor
221007,U450,2024-07-16T11:18:00,New vendor
221011,U892,2024-07-16T11:18:00,New vendor
221059,U730,2024-07-16T11:25:00,New vendor
221064,U194,2024-07-16T11:26:00,New vendor
221075,U139,2024-07-16T11:28:00,New vendor
221076,U193,2024-07-16T11:28:00,High value; New vendor
221085,U857,2024-07-16T11:28:00,New vendor
221102,U242,2024-07-16T11:30:00,High value
221107,U521,2024-07-16T11:30:00,High value
221139,U266,2024-07-16T11:33:00,High value
221142,U658,2024-07-16T11:33:00,High value
221146,U937,2024-07-16T11:33:00,New vendor
221179,U616,2024-07-16T11:37:00,High value
221189,U196,2024-07-16T11:38:00,New vendor
221191,U438,2024-07-16T11:38:00,New vendor
221239,U343,2024-07-16T11:45:00,New vendor
221247,U943,2024-07-16T11:45:00,High value
221283,U208,2024-07-16T11:51:00,New vendor
221299,U860,2024-07-16T11:52:00,New vendor
221303,U714,2024-07-16T11:53:00,New vendor
221328,U923,2024-07-16T11:56:00,New vendor
221330,U858,2024-07-16T11:57:00,New vendor
221339,U495,2024-07-16T11:58:00,New vendor
221360,U436,2024-07-16T12:00:00,New vendor
221376,U023,2024-07-16T12:02:00,New vendor
221379,U114,2024-07-16T12:02:00,New vendor
221412,U064,2024-07-16T12:05:00,New vendor
221421,U932,2024-07-16T12:05:00,High value
221433,U641,2024-07-16T12:06:00,New vendor
221445,U565,2024-07-16T12:08:00,New vendor
221451,U216,2024-07-16T12:09:00,High value
221462,U158,2024-07-16T12:10:00,High value
221471,U992,2024-07-16T12:10:00,New vendor
221488,U646,2024-07-16T12:13:00,High value; New vendor
221504,U068,2024-07-16T12:15:00,New vendor
221507,U465,2024-07-16T12:15:00,New vendor
221527,U447,2024-07-16T12:17:00,High value; New vendor
221541,U741,2024-07-16T12:18:00,New vendor
221549,U463,2024-07-16T12:19:00,New vendor
221562,U981,2024-07-16T12:20:00,High value
221572,U596,2024-07-16T12:22:00,High value; New vendor
221585,U426,2024-07-16T12:23:00,New vendor
221591,U122,2024-07-16T12:24:00,New vendor
221594,U671,2024-07-16T12:24:00,New vendor
221598,U826,2024-07-16T12:24:00,High value; New vendor
221621,U179,2024-07-16T12:27:00,New vendor
221622,U277,2024-07-16T12:27:00,New vendor
221625,U551,2024-07-16T12:27:00,New vendor
221630,U013,2024-07-16T12:28:00,New vendor
221632,U090,2024-07-16T12:28:00,New vendor
221671,U998,2024-07-16T12:31:00,High value
221676,U566,2024-07-16T12:32:00,New vendor
221680,U359,2024-07-16T12:33:00,High value
221701,U384,2024-07-16T12:35:00,High value; New vendor
221712,U563,2024-07-16T12:36:00,New vendor
221717,U995,2024-07-16T12:36:00,New vendor
221736,U432,2024-07-16T12:39:00,New vendor
221761,U261,2024-07-16T12:42:00,New vendor
221762,U278,2024-07-16T12:42:00,High value
221816,U558,2024-07-16T12:47:00,High value
221843,U939,2024-07-16T12:49:00,New vendor
221847,U297,2024-07-16T12:50:00,High value
221855,U292,2024-07-16T12:51:00,High value
221858,U501,2024-07-16T12:51:00,High value
221861,U085,2024-07-16T12:52:00,High value
221870,U174,2024-07-16T12:53:00,High value
221872,U468,2024-07-16T12:53:00,High value
221878,U036,2024-07-16T12:54:00,High value
221881,U549,2024-07-16T12:54:00,New vendor
221886,U473,2024-07-16T12:55:00,New vendor
221888,U845,2024-07-16T12:55:00,New vendor
221908,U565,2024-07-16T12:58:00,New vendor
221922,U926,2024-07-16T12:59:00,High value
221945,U602,2024-07-16T13:02:00,New vendor
221947,U908,2024-07-16T13:02:00,High value
221951,U059,2024-07-16T13:03:00,New vendor
221953,U407,2024-07-16T13:03:00,New vendor
221971,U678,2024-07-16T13:05:00,High value; New vendor
221981,U984,2024-07-16T13:06:00,High value; New vendor
222015,U417,2024-07-16T13:10:00,High value
222027,U376,2024-07-16T13:11:00,New vendor
222061,U882,2024-07-16T13:14:00,High value; New vendor
222064,U059,2024-07-16T13:15:00,New vendor
222074,U900,2024-07-16T13:15:00,New vendor
222081,U317,2024-07-16T13:16:00,New vendor
222088,U857,2024-07-16T13:16:00,New vendor
222102,U629,2024-07-16T13:18:00,High value; New vendor
222121,U378,2024-07-16T13:20:00,New vendor
222129,U134,2024-07-16T13:21:00,New vendor
222145,U114,2024-07-16T13:24:00,New vendor
222150,U606,2024-07-16T13:24:00,High value
222155,U030,2024-07-16T13:25:00,High value
222159,U575,2024-07-16T13:25:00,New vendor
222160,U587,2024-07-16T13:25:00,New vendor
222164,U438,2024-07-16T13:26:00,New vendor
222178,U971,2024-07-16T13:27:00,New vendor
222210,U423,2024-07-16T13:31:00,New vendor
222219,U474,2024-07-16T13:32:00,New vendor
222251,U011,2024-07-16T13:36:00,New vendor
222261,U994,2024-07-16T13:36:00,New vendor
222283,U741,2024-07-16T13:39:00,New vendor
222298,U149,2024-07-16T13:41:00,High value; New vendor
222316,U345,2024-07-16T13:43:00,New vendor
222334,U196,2024-07-16T13:46:00,New vendor
222371,U460,2024-07-16T13:50:00,High value
222373,U093,2024-07-16T13:51:00,High value
222403,U495,2024-07-16T13:55:00,New vendor
222469,U814,2024-07-16T14:02:00,High value
222477,U016,2024-07-16T14:04:00,High value; New vendor
222478,U218,2024-07-16T14:04:00,High value
222480,U597,2024-07-16T14:04:00,New vendor
222506,U826,2024-07-16T14:06:00,New vendor
222510,U288,2024-07-16T14:07:00,High value; New vendor
222562,U798,2024-07-16T14:13:00,New vendor
222564,U897,2024-07-16T14:13:00,New vendor
222573,U929,2024-07-16T14:14:00,New vendor
222585,U056,2024-07-16T14:16:00,High value
222595,U226,2024-07-16T14:17:00,New vendor
222611,U152,2024-07-16T14:19:00,New vendor
222612,U202,2024-07-16T14:19:00,New vendor
222631,U525,2024-07-16T14:21:00,High value
222646,U024,2024-07-16T14:23:00,New vendor
222650,U178,2024-07-16T14:23:00,High value
222655,U651,2024-07-16T14:23:00,New vendor
222658,U164,2024-07-16T14:24:00,New vendor
222676,U167,2024-07-16T14:27:00,High value; New vendor
222678,U245,2024-07-16T14:27:00,High value
222685,U536,2024-07-16T14:27:00,High value
222694,U663,2024-07-16T14:28:00,New vendor
222718,U916,2024-07-16T14:30:00,High value
222741,U037,2024-07-16T14:34:00,New vendor
222750,U118,2024-07-16T14:35:00,New vendor
222781,U663,2024-07-16T14:38:00,New vendor
222809,U698,2024-07-16T14:41:00,High value
222851,U212,2024-07-16T14:46:00,New vendor
222927,U559,2024-07-16T14:56:00,High value
222929,U599,2024-07-16T14:56:00,High value
222934,U017,2024-07-16T14:57:00,New vendor
222958,U563,2024-07-16T15:00:00,New vendor
222967,U553,2024-07-16T15:01:00,New vendor
223003,U656,2024-07-16T15:05:00,New vendor
223006,U111,2024-07-16T15:06:00,New vendor
223029,U102,2024-07-16T15:08:00,New vendor
223037,U497,2024-07-16T15:08:00,High value
223042,U923,2024-07-16T15:08:00,New vendor
223059,U541,2024-07-16T15:10:00,High value
223061,U613,2024-07-16T15:10:00,High value; New vendor
223064,U261,2024-07-16T15:11:00,New vendor
223065,U283,2024-07-16T15:11:00,New vendor
223089,U674,2024-07-16T15:14:00,High value
223091,U743,2024-07-16T15:14:00,High value; New vendor
223094,U422,2024-07-16T15:15:00,High value
223115,U782,2024-07-16T15:17:00,High value
223123,U277,2024-07-16T15:18:00,New vendor
223124,U324,2024-07-16T15:18:00,High value
223130,U019,2024-07-16T15:19:00,High value
223143,U929,2024-07-16T15:19:00,New vendor
223160,U052,2024-07-16T15:21:00,New vendor
223166,U370,2024-07-16T15:21:00,High value
223174,U954,2024-07-16T15:21:00,New vendor
223201,U912,2024-07-16T15:24:00,New vendor
223203,U063,2024-07-16T15:25:00,New vendor
223217,U741,2024-07-16T15:26:00,New vendor
223236,U781,2024-07-16T15:28:00,New vendor
223258,U995,2024-07-16T15:31:00,New vendor
223263,U912,2024-07-16T15:32:00,New vendor
223286,U377,2024-07-16T15:35:00,High value
223313,U588,2024-07-16T15:38:00,New vendor
223316,U736,2024-07-16T15:38:00,New vendor
223358,U313,2024-07-16T15:44:00,New vendor
223362,U638,2024-07-16T15:44:00,High value
223377,U641,2024-07-16T15:46:00,High value
223387,U760,2024-07-16T15:47:00,New vendor
223391,U223,2024-07-16T15:48:00,High value
223418,U235,2024-07-16T15:50:00,High value
223421,U564,2024-07-16T15:50:00,High value
223445,U375,2024-07-16T15:52:00,New vendor
223472,U998,2024-07-16T15:55:00,High value
223474,U193,2024-07-16T15:56:00,High value; New vendor
223501,U716,2024-07-16T15:58:00,High value
223504,U945,2024-07-16T15:58:00,New vendor
223517,U990,2024-07-16T15:59:00,New vendor
223520,U265,2024-07-16T16:00:00,New vendor
223526,U292,2024-07-16T16:01:00,New vendor
223532,U849,2024-07-16T16:01:00,New vendor
223539,U269,2024-07-16T16:02:00,New vendor
223545,U197,2024-07-16T16:03:00,High value
223553,U672,2024-07-16T16:03:00,New vendor
223559,U139,2024-07-16T16:04:00,High value; New vendor
223601,U215,2024-07-16T16:08:00,New vendor
223643,U915,2024-07-16T16:13:00,New vendor
223645,U301,2024-07-16T16:14:00,High value; New vendor
223662,U993,2024-07-16T16:16:00,New vendor
223673,U382,2024-07-16T16:18:00,New vendor
223678,U005,2024-07-16T16:19:00,High value
223700,U117,2024-07-16T16:22:00,High value; New vendor
223703,U623,2024-07-16T16:22:00,New vendor
223713,U969,2024-07-16T16:23:00,High value
223731,U758,2024-07-16T16:25:00,High value; New vendor
223733,U880,2024-07-16T16:25:00,New vendor
223740,U225,2024-07-16T16:26:00,New vendor
223742,U247,2024-07-16T16:27:00,High value
223773,U996,2024-07-16T16:31:00,New vendor
223785,U524,2024-07-16T16:33:00,New vendor
223800,U059,2024-07-16T16:35:00,New vendor
223825,U151,2024-07-16T16:38:00,High value
223854,U674,2024-07-16T16:41:00,High value
223858,U152,2024-07-16T16:42:00,High value
223906,U418,2024-07-16T16:49:00,High value; New vendor
223907,U526,2024-07-16T16:49:00,New vendor
223912,U009,2024-07-16T16:50:00,New vendor
223918,U897,2024-07-16T16:50:00,High value
223919,U919,2024-07-16T16:50:00,High value
223931,U608,2024-07-16T16:51:00,New vendor
223937,U847,2024-07-16T16:51:00,New vendor
223950,U460,2024-07-16T16:53:00,High value
223957,U091,2024-07-16T16:54:00,High value
223989,U708,2024-07-16T16:57:00,New vendor
223993,U885,2024-07-16T16:57:00,High value; New vendor
224000,U454,2024-07-16T16:58:00,High value
224002,U892,2024-07-16T16:58:00,New vendor
224006,U527,2024-07-16T16:59:00,New vendor
224013,U584,2024-07-16T17:00:00,New vendor
224044,U735,2024-07-16T17:03:00,High value
224049,U167,2024-07-16T17:04:00,New vendor
224055,U037,2024-07-16T17:05:00,New vendor
224058,U225,2024-07-16T17:05:00,New vendor
224064,U731,2024-07-16T17:05:00,New vendor
224065,U171,2024-07-16T17:06:00,High value
224078,U155,2024-07-16T17:07:00,High value
224096,U861,2024-07-16T17:08:00,New vendor
224111,U696,2024-07-16T17:10:00,High value
224115,U718,2024-07-16T17:11:00,High value
224124,U273,2024-07-16T17:13:00,New vendor
224149,U090,2024-07-16T17:17:00,New vendor
224150,U121,2024-07-16T17:17:00,New vendor
224163,U115,2024-07-16T17:18:00,New vendor
224164,U124,2024-07-16T17:18:00,High value
224177,U641,2024-07-16T17:19:00,New vendor
224200,U206,2024-07-16T17:23:00,New vendor
224218,U994,2024-07-16T17:25:00,New vendor
224224,U822,2024-07-16T17:26:00,New vendor
224230,U904,2024-07-16T17:27:00,New vendor
224231,U016,2024-07-16T17:28:00,High value
224234,U328,2024-07-16T17:28:00,New vendor
224238,U039,2024-07-16T17:29:00,New vendor
224243,U923,2024-07-16T17:29:00,New vendor
224257,U952,2024-07-16T17:31:00,New vendor
224267,U278,2024-07-16T17:33:00,High value; New vendor
224276,U443,2024-07-16T17:34:00,New vendor
224280,U110,2024-07-16T17:35:00,High value
224297,U116,2024-07-16T17:37:00,New vendor
224334,U402,2024-07-16T17:41:00,New vendor
224349,U840,2024-07-16T17:43:00,New vendor
224360,U025,2024-07-16T17:45:00,New vendor
224361,U171,2024-07-16T17:45:00,High value
224363,U247,2024-07-16T17:45:00,High value
224400,U381,2024-07-16T17:49:00,High value
224401,U559,2024-07-16T17:49:00,New vendor
224412,U080,2024-07-16T17:51:00,High value
224426,U557,2024-07-16T17:52:00,High value
224442,U466,2024-07-16T17:53:00,New vendor
224455,U366,2024-07-16T17:54:00,New vendor
224474,U424,2024-07-16T17:56:00,High value; New vendor
224491,U623,2024-07-16T17:57:00,High value; New vendor
224507,U972,2024-07-16T17:58:00,New vendor
224532,U065,2024-07-16T18:01:00,High value
224572,U029,2024-07-16T18:06:00,New vendor
224573,U107,2024-07-16T18:06:00,High value
224576,U350,2024-07-16T18:06:00,High value; New vendor
224622,U185,2024-07-16T18:12:00,High value
224637,U928,2024-07-16T18:13:00,New vendor
224639,U115,2024-07-16T18:14:00,New vendor
224640,U127,2024-07-16T18:14:00,New vendor
224660,U875,2024-07-16T18:16:00,High value
224668,U713,2024-07-16T18:17:00,New vendor
224675,U952,2024-07-16T18:17:00,New vendor
224697,U212,2024-07-16T18:21:00,New vendor
224708,U675,2024-07-16T18:22:00,High value
224724,U984,2024-07-16T18:24:00,New vendor
224726,U518,2024-07-16T18:25:00,High value
224745,U430,2024-07-16T18:27:00,New vendor
224754,U080,2024-07-16T18:28:00,New vendor
224758,U377,2024-07-16T18:28:00,High value
224761,U653,2024-07-16T18:28:00,High value
224768,U588,2024-07-16T18:29:00,High value
224772,U897,2024-07-16T18:29:00,High value; New vendor
224788,U390,2024-07-16T18:32:00,High value
224805,U997,2024-07-16T18:34:00,New vendor
224813,U660,2024-07-16T18:35:00,New vendor
224825,U908,2024-07-16T18:36:00,High value
224832,U495,2024-07-16T18:37:00,New vendor
224840,U158,2024-07-16T18:38:00,New vendor
224878,U346,2024-07-16T18:42:00,High value
224883,U737,2024-07-16T18:42:00,High value
224885,U781,2024-07-16T18:42:00,New vendor
224886,U094,2024-07-16T18:43:00,High value
224898,U164,2024-07-16T18:44:00,New vendor
224912,U834,2024-07-16T18:45:00,High value
224920,U702,2024-07-16T18:46:00,High value
224930,U594,2024-07-16T18:47:00,New vendor
224955,U917,2024-07-16T18:49:00,New vendor
224980,U167,2024-07-16T18:52:00,New vendor
224985,U593,2024-07-16T18:52:00,New vendor
224989,U168,2024-07-16T18:53:00,High value
225000,U238,2024-07-16T18:54:00,High value
225025,U833,2024-07-16T18:56:00,High value
225030,U129,2024-07-16T18:57:00,New vendor
225056,U466,2024-07-16T19:00:00,High value
225063,U800,2024-07-16T19:00:00,New vendor
225069,U068,2024-07-16T19:01:00,New vendor
225096,U338,2024-07-16T19:03:00,New vendor
225116,U152,2024-07-16T19:05:00,New vendor
225119,U406,2024-07-16T19:05:00,High value; New vendor
225122,U075,2024-07-16T19:06:00,New vendor
225129,U131,2024-07-16T19:07:00,High value
225133,U313,2024-07-16T19:07:00,New vendor
225156,U798,2024-07-16T19:09:00,High value; New vendor
225164,U892,2024-07-16T19:10:00,High value; New vendor
225172,U452,2024-07-16T19:11:00,New vendor
225203,U661,2024-07-16T19:14:00,High value; New vendor
225210,U978,2024-07-16T19:15:00,New vendor
225214,U441,2024-07-16T19:16:00,High value
225239,U860,2024-07-16T19:18:00,New vendor
225258,U025,2024-07-16T19:21:00,New vendor
225261,U363,2024-07-16T19:21:00,New vendor
225262,U391,2024-07-16T19:21:00,New vendor
225281,U514,2024-07-16T19:23:00,High value; New vendor
225314,U564,2024-07-16T19:27:00,High value; New vendor
225322,U721,2024-07-16T19:28:00,High value
225329,U183,2024-07-16T19:29:00,New vendor
225335,U886,2024-07-16T19:29:00,New vendor
225345,U423,2024-07-16T19:31:00,New vendor
225352,U688,2024-07-16T19:32:00,High value
225361,U262,2024-07-16T19:33:00,High value
225363,U442,2024-07-16T19:33:00,New vendor
225366,U739,2024-07-16T19:33:00,High value; New vendor
225374,U684,2024-07-16T19:34:00,New vendor
225393,U614,2024-07-16T19:36:00,New vendor
225402,U689,2024-07-16T19:37:00,High value
225413,U468,2024-07-16T19:38:00,High value
225415,U563,2024-07-16T19:38:00,High value; New vendor
225427,U130,2024-07-16T19:40:00,High value; New vendor
225462,U296,2024-07-16T19:44:00,New vendor
225468,U119,2024-07-16T19:45:00,New vendor
225478,U012,2024-07-16T19:46:00,New vendor
225494,U566,2024-07-16T19:48:00,High value; New vendor
225505,U912,2024-07-16T19:49:00,New vendor
225517,U660,2024-07-16T19:51:00,New vendor
225533,U426,2024-07-16T19:53:00,New vendor
225570,U456,2024-07-16T19:57:00,New vendor
225583,U817,2024-07-16T19:58:00,New vendor
225593,U898,2024-07-16T19:59:00,New vendor
225595,U047,2024-07-16T20:00:00,New vendor
225602,U875,2024-07-16T20:00:00,High value
225603,U927,2024-07-16T20:00:00,New vendor
225627,U624,2024-07-16T20:03:00,New vendor
225629,U669,2024-07-16T20:03:00,New vendor
225675,U251,2024-07-16T20:09:00,High value; New vendor
225691,U121,2024-07-16T20:11:00,High value
225706,U330,2024-07-16T20:13:00,New vendor
225707,U478,2024-07-16T20:13:00,High value
225728,U387,2024-07-16T20:15:00,New vendor
225734,U924,2024-07-16T20:15:00,High value; New vendor
225742,U549,2024-07-16T20:16:00,New vendor
225758,U1000,2024-07-16T20:17:00,New vendor
225768,U059,2024-07-16T20:19:00,New vendor
225786,U809,2024-07-16T20:20:00,New vendor
225804,U441,2024-07-16T20:22:00,High value
225807,U705,2024-07-16T20:22:00,New vendor
225828,U046,2024-07-16T20:25:00,New vendor
225856,U313,2024-07-16T20:28:00,High value; New vendor
225881,U206,2024-07-16T20:31:00,New vendor
225894,U688,2024-07-16T20:32:00,New vendor
225910,U944,2024-07-16T20:33:00,New vendor
225914,U568,2024-07-16T20:34:00,High value
225918,U255,2024-07-16T20:35:00,New vendor
225928,U019,2024-07-16T20:36:00,High value
225941,U590,2024-07-16T20:37:00,New vendor
225942,U694,2024-07-16T20:37:00,High value
225947,U071,2024-07-16T20:38:00,New vendor
225949,U495,2024-07-16T20:38:00,New vendor
225952,U651,2024-07-16T20:38:00,High value
225953,U691,2024-07-16T20:38:00,New vendor
225974,U376,2024-07-16T20:40:00,New vendor
225982,U252,2024-07-16T20:41:00,High value
225993,U182,2024-07-16T20:42:00,New vendor
226001,U094,2024-07-16T20:43:00,High value; New vendor
226010,U022,2024-07-16T20:44:00,High value
226012,U546,2024-07-16T20:44:00,New vendor
226018,U739,2024-07-16T20:45:00,New vendor
226030,U117,2024-07-16T20:47:00,High value; New vendor
226056,U168,2024-07-16T20:49:00,New vendor
226063,U864,2024-07-16T20:49:00,High value
226064,U903,2024-07-16T20:49:00,High value
226066,U923,2024-07-16T20:49:00,High value
226077,U143,2024-07-16T20:51:00,New vendor
226106,U048,2024-07-16T20:54:00,New vendor
226108,U111,2024-07-16T20:54:00,High value
226136,U405,2024-07-16T20:57:00,New vendor
226138,U648,2024-07-16T20:57:00,New vendor
226154,U046,2024-07-16T21:00:00,New vendor
226190,U814,2024-07-16T21:04:00,High value
226197,U872,2024-07-16T21:05:00,New vendor
226198,U091,2024-07-16T21:06:00,New vendor
226218,U669,2024-07-16T21:09:00,New vendor
226225,U525,2024-07-16T21:10:00,High value
226255,U269,2024-07-16T21:14:00,New vendor
226274,U382,2024-07-16T21:16:00,New vendor
226284,U442,2024-07-16T21:17:00,New vendor
226289,U739,2024-07-16T21:17:00,New vendor
226293,U545,2024-07-16T21:18:00,High value
226311,U870,2024-07-16T21:19:00,High value; New vendor
226339,U107,2024-07-16T21:22:00,New vendor
226351,U901,2024-07-16T21:22:00,High value
226364,U262,2024-07-16T21:24:00,New vendor
226381,U862,2024-07-16T21:25:00,High value
226395,U405,2024-07-16T21:27:00,New vendor
226404,U399,2024-07-16T21:28:00,High value; New vendor
226407,U117,2024-07-16T21:29:00,High value; New vendor
226420,U539,2024-07-16T21:30:00,High value
226427,U817,2024-07-16T21:31:00,New vendor
226473,U343,2024-07-16T21:37:00,New vendor
226519,U369,2024-07-16T21:42:00,New vendor
226528,U398,2024-07-16T21:43:00,High value; New vendor
226532,U597,2024-07-16T21:43:00,New vendor
226535,U831,2024-07-16T21:43:00,High value
226537,U970,2024-07-16T21:43:00,High value
226560,U122,2024-07-16T21:46:00,New vendor
226602,U349,2024-07-16T21:51:00,New vendor
226603,U496,2024-07-16T21:51:00,New vendor
226611,U435,2024-07-16T21:52:00,New vendor
226627,U763,2024-07-16T21:53:00,New vendor
226646,U705,2024-07-16T21:55:00,New vendor
226652,U309,2024-07-16T21:56:00,New vendor
226660,U197,2024-07-16T21:57:00,High value
226673,U656,2024-07-16T21:58:00,New vendor
226686,U671,2024-07-16T22:00:00,New vendor
226694,U660,2024-07-16T22:01:00,New vendor
226701,U328,2024-07-16T22:02:00,New vendor
226705,U601,2024-07-16T22:02:00,High value; New vendor
226712,U102,2024-07-16T22:03:00,New vendor
226729,U101,2024-07-16T22:05:00,New vendor
226730,U232,2024-07-16T22:05:00,High value
226746,U788,2024-07-16T22:06:00,New vendor
226774,U630,2024-07-16T22:09:00,High value
226783,U194,2024-07-16T22:10:00,New vendor
226810,U069,2024-07-16T22:13:00,New vendor
226819,U364,2024-07-16T22:14:00,New vendor
226829,U616,2024-07-16T22:15:00,High value
226843,U046,2024-07-16T22:17:00,New vendor
226869,U499,2024-07-16T22:19:00,New vendor
226876,U997,2024-07-16T22:19:00,New vendor
226882,U423,2024-07-16T22:20:00,High value; New vendor
226883,U491,2024-07-16T22:20:00,New vendor
226891,U858,2024-07-16T22:21:00,New vendor
226899,U611,2024-07-16T22:22:00,New vendor
226903,U885,2024-07-16T22:22:00,New vendor
226907,U100,2024-07-16T22:23:00,New vendor
226924,U436,2024-07-16T22:25:00,New vendor
226935,U319,2024-07-16T22:26:00,New vendor
226948,U970,2024-07-16T22:27:00,High value
226950,U001,2024-07-16T22:28:00,New vendor
226981,U448,2024-07-16T22:31:00,New vendor
227004,U415,2024-07-16T22:34:00,New vendor
227010,U659,2024-07-16T22:34:00,High value
227024,U017,2024-07-16T22:36:00,New vendor
227034,U617,2024-07-16T22:36:00,High value
227051,U870,2024-07-16T22:38:00,New vendor
227055,U320,2024-07-16T22:39:00,High value
227069,U907,2024-07-16T22:41:00,New vendor
227070,U094,2024-07-16T22:42:00,New vendor
227090,U490,2024-07-16T22:44:00,New vendor
227091,U206,2024-07-16T22:45:00,New vendor
227092,U309,2024-07-16T22:45:00,New vendor
227120,U046,2024-07-16T22:49:00,High value; New vendor
227138,U850,2024-07-16T22:50:00,New vendor
227151,U137,2024-07-16T22:52:00,High value
227152,U276,2024-07-16T22:52:00,New vendor
227157,U813,2024-07-16T22:52:00,New vendor
227163,U205,2024-07-16T22:53:00,High value
227190,U781,2024-07-16T22:55:00,New vendor
227223,U764,2024-07-16T22:59:00,New vendor
227230,U459,2024-07-16T23:00:00,High value
227234,U554,2024-07-16T23:00:00,High value
227278,U405,2024-07-16T23:04:00,High value
227283,U603,2024-07-16T23:05:00,New vendor
227297,U808,2024-07-16T23:06:00,New vendor
227302,U482,2024-07-16T23:07:00,High value
227310,U154,2024-07-16T23:08:00,High value
227343,U015,2024-07-16T23:12:00,New vendor
227360,U275,2024-07-16T23:15:00,New vendor
227374,U162,2024-07-16T23:17:00,New vendor
227381,U833,2024-07-16T23:17:00,High value
227385,U375,2024-07-16T23:18:00,New vendor
227390,U677,2024-07-16T23:18:00,New vendor
227394,U262,2024-07-16T23:19:00,New vendor
227496,U975,2024-07-16T23:29:00,High value
227506,U557,2024-07-16T23:31:00,High value
227517,U345,2024-07-16T23:33:00,New vendor
227520,U822,2024-07-16T23:33:00,New vendor
227551,U215,2024-07-16T23:37:00,New vendor
227572,U188,2024-07-16T23:39:00,New vendor
227573,U369,2024-07-16T23:39:00,New vendor
227589,U279,2024-07-16T23:41:00,New vendor
227625,U309,2024-07-16T23:45:00,New vendor
227639,U186,2024-07-16T23:47:00,High value
227663,U288,2024-07-16T23:49:00,New vendor
227664,U491,2024-07-16T23:49:00,New vendor
227666,U642,2024-07-16T23:49:00,New vendor
227695,U225,2024-07-16T23:53:00,New vendor
227712,U601,2024-07-16T23:54:00,High value; New vendor
227724,U927,2024-07-16T23:56:00,New vendor
227745,U951,2024-07-16T23:59:00,High value
227757,U766,2024-07-17T00:00:00,New vendor
227781,U489,2024-07-17T00:03:00,New vendor
227786,U366,2024-07-17T00:04:00,New vendor
227797,U399,2024-07-17T00:06:00,New vendor
227831,U450,2024-07-17T00:09:00,New vendor
227842,U328,2024-07-17T00:10:00,High value; New vendor
227857,U665,2024-07-17T00:11:00,New vendor
227874,U955,2024-07-17T00:13:00,High value
227878,U215,2024-07-17T00:14:00,New vendor
227879,U665,2024-07-17T00:14:00,New vendor
227898,U601,2024-07-17T00:16:00,New vendor
227904,U495,2024-07-17T00:17:00,New vendor
227920,U666,2024-07-17T00:18:00,New vendor
227921,U714,2024-07-17T00:18:00,New vendor
227939,U075,2024-07-17T00:21:00,New vendor
227951,U289,2024-07-17T00:22:00,High value; New vendor
227953,U476,2024-07-17T00:22:00,High value
227957,U651,2024-07-17T00:22:00,New vendor
227973,U911,2024-07-17T00:23:00,New vendor
227991,U095,2024-07-17T00:26:00,High value
228004,U691,2024-07-17T00:27:00,High value
228009,U171,2024-07-17T00:28:00,High value; New vendor
228017,U870,2024-07-17T00:28:00,New vendor
228023,U056,2024-07-17T00:30:00,New vendor
228035,U923,2024-07-17T00:30:00,New vendor
228036,U148,2024-07-17T00:31:00,New vendor
228040,U352,2024-07-17T00:31:00,High value
228081,U434,2024-07-17T00:35:00,High value; New vendor
228133,U647,2024-07-17T00:41:00,High value
228153,U139,2024-07-17T00:44:00,New vendor
228166,U265,2024-07-17T00:46:00,New vendor
228170,U780,2024-07-17T00:46:00,High value
228173,U136,2024-07-17T00:47:00,New vendor
228188,U102,2024-07-17T00:49:00,High value
228209,U504,2024-07-17T00:51:00,New vendor
228230,U711,2024-07-17T00:53:00,New vendor
228250,U623,2024-07-17T00:55:00,New vendor
228252,U861,2024-07-17T00:55:00,New vendor
228257,U052,2024-07-17T00:56:00,New vendor
228269,U122,2024-07-17T00:57:00,High value
228279,U767,2024-07-17T00:58:00,High value
228281,U128,2024-07-17T00:59:00,New vendor
228304,U755,2024-07-17T01:01:00,New vendor
228336,U140,2024-07-17T01:06:00,High value
228340,U465,2024-07-17T01:06:00,New vendor
228360,U996,2024-07-17T01:08:00,New vendor
228369,U660,2024-07-17T01:09:00,New vendor
228372,U188,2024-07-17T01:10:00,New vendor
228422,U885,2024-07-17T01:15:00,New vendor
228430,U932,2024-07-17T01:16:00,High value
228459,U195,2024-07-17T01:20:00,High value
228470,U683,2024-07-17T01:21:00,High value
228471,U963,2024-07-17T01:21:00,New vendor
228499,U328,2024-07-17T01:25:00,High value; New vendor
228526,U904,2024-07-17T01:27:00,New vendor
228534,U022,2024-07-17T01:29:00,High value
228543,U186,2024-07-17T01:30:00,New vendor
228594,U732,2024-07-17T01:36:00,High value; New vendor
228603,U602,2024-07-17T01:38:00,New vendor
228609,U971,2024-07-17T01:38:00,New vendor
228610,U063,2024-07-17T01:39:00,New vendor
228631,U626,2024-07-17T01:41:00,High value
228660,U862,2024-07-17T01:44:00,New vendor
228681,U945,2024-07-17T01:46:00,New vendor
228682,U990,2024-07-17T01:46:00,New vendor
228683,U008,2024-07-17T01:47:00,High value
228684,U426,2024-07-17T01:47:00,High value
228686,U734,2024-07-17T01:47:00,New vendor
228690,U271,2024-07-17T01:48:00,High value
228698,U578,2024-07-17T01:48:00,New vendor
228705,U288,2024-07-17T01:49:00,High value
228711,U809,2024-07-17T01:49:00,New vendor
228753,U075,2024-07-17T01:54:00,New vendor
228782,U100,2024-07-17T01:58:00,New vendor
228783,U131,2024-07-17T01:58:00,New vendor
228791,U579,2024-07-17T01:58:00,High value
228793,U699,2024-07-17T01:58:00,High value
228834,U923,2024-07-17T02:03:00,High value
228838,U229,2024-07-17T02:04:00,New vendor
228853,U413,2024-07-17T02:05:00,New vendor
228854,U632,2024-07-17T02:05:00,High value
228865,U984,2024-07-17T02:06:00,New vendor
228866,U739,2024-07-17T02:07:00,New vendor
228867,U835,2024-07-17T02:07:00,New vendor
228869,U926,2024-07-17T02:07:00,High value
228886,U677,2024-07-17T02:08:00,New vendor
228896,U562,2024-07-17T02:09:00,High value
228910,U963,2024-07-17T02:10:00,New vendor
228930,U451,2024-07-17T02:12:00,New vendor
228945,U667,2024-07-17T02:14:00,New vendor
228952,U167,2024-07-17T02:15:00,New vendor
228953,U230,2024-07-17T02:15:00,High value
228999,U409,2024-07-17T02:19:00,New vendor
229017,U657,2024-07-17T02:21:00,New vendor
229018,U676,2024-07-17T02:21:00,High value
229033,U487,2024-07-17T02:23:00,New vendor
229041,U347,2024-07-17T02:24:00,New vendor
229055,U168,2024-07-17T02:26:00,New vendor
229060,U590,2024-07-17T02:26:00,New vendor
229078,U409,2024-07-17T02:28:00,New vendor
229079,U471,2024-07-17T02:28:00,New vendor
229094,U855,2024-07-17T02:29:00,High value
229100,U432,2024-07-17T02:30:00,High value; New vendor
229120,U101,2024-07-17T02:33:00,New vendor
229139,U619,2024-07-17T02:34:00,High value; New vendor
229144,U710,2024-07-17T02:35:00,New vendor
229171,U898,2024-07-17T02:38:00,New vendor
229172,U972,2024-07-17T02:38:00,New vendor
229180,U015,2024-07-17T02:40:00,New vendor
229189,U539,2024-07-17T02:40:00,High value
229200,U424,2024-07-17T02:42:00,New vendor
229205,U877,2024-07-17T02:42:00,New vendor
229206,U142,2024-07-17T02:43:00,New vendor
229221,U119,2024-07-17T02:45:00,New vendor
229232,U699,2024-07-17T02:46:00,High value; New vendor
229255,U761,2024-07-17T02:49:00,High value
229284,U456,2024-07-17T02:53:00,New vendor
229289,U279,2024-07-17T02:54:00,High value; New vendor
229296,U886,2024-07-17T02:54:00,New vendor
229297,U904,2024-07-17T02:54:00,New vendor
229302,U363,2024-07-17T02:55:00,High value
229311,U338,2024-07-17T02:56:00,High value; New vendor
229356,U928,2024-07-17T03:01:00,New vendor
229358,U183,2024-07-17T03:02:00,New vendor
229362,U030,2024-07-17T03:03:00,High value
229442,U137,2024-07-17T03:13:00,New vendor
229451,U666,2024-07-17T03:13:00,New vendor
229472,U924,2024-07-17T03:15:00,New vendor
229492,U228,2024-07-17T03:18:00,New vendor
229505,U602,2024-07-17T03:19:00,New vendor
229509,U977,2024-07-17T03:19:00,New vendor
229521,U684,2024-07-17T03:21:00,New vendor
229529,U821,2024-07-17T03:22:00,New vendor
229534,U024,2024-07-17T03:23:00,New vendor
229552,U863,2024-07-17T03:24:00,New vendor
229577,U608,2024-07-17T03:28:00,New vendor
229585,U764,2024-07-17T03:29:00,New vendor
229588,U291,2024-07-17T03:30:00,New vendor
229599,U835,2024-07-17T03:31:00,New vendor
229607,U952,2024-07-17T03:32:00,New vendor
229622,U714,2024-07-17T03:34:00,New vendor
229668,U695,2024-07-17T03:40:00,New vendor
229671,U087,2024-07-17T03:41:00,New vendor
229675,U339,2024-07-17T03:41:00,New vendor
229678,U688,2024-07-17T03:41:00,New vendor
229686,U822,2024-07-17T03:42:00,High value
229704,U347,2024-07-17T03:44:00,New vendor
229706,U457,2024-07-17T03:44:00,New vendor
229712,U016,2024-07-17T03:45:00,New vendor
229714,U221,2024-07-17T03:45:00,New vendor
229715,U519,2024-07-17T03:45:00,High value
229724,U491,2024-07-17T03:46:00,New vendor
229757,U984,2024-07-17T03:49:00,New vendor
229771,U445,2024-07-17T03:51:00,High value
229785,U028,2024-07-17T03:53:00,High value
229798,U364,2024-07-17T03:54:00,New vendor
229813,U566,2024-07-17T03:55:00,New vendor
229821,U129,2024-07-17T03:56:00,New vendor
229839,U274,2024-07-17T03:59:00,High value; New vendor
229843,U618,2024-07-17T03:59:00,New vendor
229845,U903,2024-07-17T03:59:00,New vendor
229846,U959,2024-07-17T03:59:00,New vendor
229853,U007,2024-07-17T04:01:00,High value; New vendor
229855,U186,2024-07-17T04:01:00,New vendor
229859,U489,2024-07-17T04:01:00,New vendor
229868,U428,2024-07-17T04:02:00,High value
229870,U463,2024-07-17T04:02:00,New vendor
229879,U996,2024-07-17T04:02:00,New vendor
229882,U208,2024-07-17T04:03:00,New vendor
229890,U029,2024-07-17T04:04:00,New vendor
229892,U063,2024-07-17T04:04:00,New vendor
229893,U071,2024-07-17T04:04:00,New vendor
229918,U364,2024-07-17T04:07:00,New vendor
229931,U500,2024-07-17T04:09:00,New vendor
229937,U094,2024-07-17T04:10:00,High value; New vendor
229941,U196,2024-07-17T04:10:00,New vendor
229942,U316,2024-07-17T04:10:00,High value
229959,U808,2024-07-17T04:11:00,New vendor
229962,U228,2024-07-17T04:12:00,New vendor
229970,U378,2024-07-17T04:13:00,New vendor
230010,U451,2024-07-17T04:18:00,New vendor
230025,U275,2024-07-17T04:20:00,New vendor
230070,U844,2024-07-17T04:24:00,High value
230082,U052,2024-07-17T04:26:00,New vendor
230097,U605,2024-07-17T04:27:00,New vendor
230120,U103,2024-07-17T04:30:00,High value
230122,U339,2024-07-17T04:30:00,New vendor
230164,U863,2024-07-17T04:34:00,New vendor
230165,U075,2024-07-17T04:35:00,New vendor
230172,U787,2024-07-17T04:35:00,New vendor
230178,U503,2024-07-17T04:36:00,New vendor
230181,U872,2024-07-17T04:36:00,New vendor
230200,U285,2024-07-17T04:39:00,New vendor
230204,U731,2024-07-17T04:39:00,New vendor
230205,U753,2024-07-17T04:39:00,New vendor
230209,U160,2024-07-17T04:40:00,New vendor
230211,U457,2024-07-17T04:40:00,New vendor
230214,U580,2024-07-17T04:40:00,High value
230220,U129,2024-07-17T04:41:00,New vendor
230224,U243,2024-07-17T04:41:00,New vendor
230253,U179,2024-07-17T04:44:00,New vendor
230254,U458,2024-07-17T04:44:00,High value; New vendor
230261,U270,2024-07-17T04:45:00,High value
230273,U515,2024-07-17T04:46:00,New vendor
230275,U643,2024-07-17T04:46:00,New vendor
230276,U782,2024-07-17T04:46:00,New vendor
230284,U523,2024-07-17T04:47:00,New vendor
230310,U354,2024-07-17T04:50:00,New vendor
230377,U907,2024-07-17T04:57:00,New vendor
230387,U662,2024-07-17T04:58:00,High value
230415,U670,2024-07-17T05:01:00,New vendor
230449,U885,2024-07-17T05:04:00,New vendor
230453,U449,2024-07-17T05:05:00,High value
230457,U781,2024-07-17T05:05:00,New vendor
230491,U226,2024-07-17T05:10:00,New vendor
230497,U391,2024-07-17T05:11:00,New vendor
230505,U670,2024-07-17T05:12:00,New vendor
230528,U207,2024-07-17T05:15:00,High value
230529,U261,2024-07-17T05:15:00,New vendor
230534,U235,2024-07-17T05:16:00,High value
230542,U186,2024-07-17T05:17:00,High value
230552,U813,2024-07-17T05:18:00,High value
230560,U727,2024-07-17T05:19:00,High value
230570,U621,2024-07-17T05:20:00,High value
230594,U945,2024-07-17T05:22:00,New vendor
230605,U933,2024-07-17T05:23:00,New vendor
230626,U015,2024-07-17T05:27:00,New vendor
230630,U244,2024-07-17T05:27:00,New vendor
230641,U986,2024-07-17T05:27:00,New vendor
230654,U996,2024-07-17T05:28:00,New vendor
230660,U297,2024-07-17T05:30:00,High value
230689,U754,2024-07-17T05:33:00,High value
230693,U392,2024-07-17T05:34:00,New vendor
230695,U835,2024-07-17T05:34:00,New vendor
230698,U162,2024-07-17T05:35:00,New vendor
230706,U837,2024-07-17T05:35:00,New vendor
230717,U782,2024-07-17T05:37:00,New vendor
230729,U029,2024-07-17T05:39:00,New vendor
230740,U183,2024-07-17T05:40:00,High value; New vendor
230752,U761,2024-07-17T05:42:00,High value
230755,U206,2024-07-17T05:43:00,New vendor
230762,U171,2024-07-17T05:44:00,New vendor
230763,U187,2024-07-17T05:44:00,High value; New vendor
230802,U971,2024-07-17T05:48:00,High value; New vendor
230812,U917,2024-07-17T05:49:00,New vendor
230821,U889,2024-07-17T05:50:00,High value
230826,U338,2024-07-17T05:51:00,New vendor
230827,U527,2024-07-17T05:51:00,New vendor
230830,U739,2024-07-17T05:51:00,New vendor
230867,U320,2024-07-17T05:56:00,New vendor
230873,U837,2024-07-17T05:56:00,New vendor
230878,U491,2024-07-17T05:57:00,New vendor
230931,U755,2024-07-17T06:04:00,High value; New vendor
230936,U229,2024-07-17T06:05:00,New vendor
230956,U565,2024-07-17T06:07:00,New vendor
230961,U496,2024-07-17T06:08:00,High value; New vendor
230966,U055,2024-07-17T06:09:00,High value
230967,U102,2024-07-17T06:09:00,New vendor
230973,U059,2024-07-17T06:10:00,New vendor
230974,U152,2024-07-17T06:10:00,New vendor
230991,U375,2024-07-17T06:12:00,New vendor
231002,U136,2024-07-17T06:13:00,New vendor
231019,U437,2024-07-17T06:15:00,High value
231022,U769,2024-07-17T06:15:00,High value
231035,U037,2024-07-17T06:17:00,New vendor
231038,U341,2024-07-17T06:17:00,High value
231049,U461,2024-07-17T06:18:00,New vendor
231057,U504,2024-07-17T06:19:00,New vendor
231063,U860,2024-07-17T06:19:00,New vendor
231097,U657,2024-07-17T06:23:00,New vendor
231115,U836,2024-07-17T06:25:00,New vendor
231120,U179,2024-07-17T06:26:00,New vendor
231123,U414,2024-07-17T06:26:00,New vendor
231133,U236,2024-07-17T06:27:00,High value
231139,U891,2024-07-17T06:27:00,High value
231146,U887,2024-07-17T06:28:00,High value
231149,U202,2024-07-17T06:29:00,New vendor
231164,U397,2024-07-17T06:30:00,New vendor
231172,U176,2024-07-17T06:31:00,New vendor
231186,U171,2024-07-17T06:32:00,High value
231210,U706,2024-07-17T06:35:00,High value
231237,U509,2024-07-17T06:38:00,High value
231241,U753,2024-07-17T06:38:00,High value; New vendor
231255,U022,2024-07-17T06:40:00,High value
231257,U158,2024-07-17T06:40:00,New vendor
231259,U343,2024-07-17T06:40:00,New vendor
231261,U577,2024-07-17T06:40:00,High value
231266,U139,2024-07-17T06:41:00,New vendor
231269,U241,2024-07-17T06:41:00,New vendor
231271,U336,2024-07-17T06:41:00,New vendor
231275,U807,2024-07-17T06:41:00,High value
231282,U653,2024-07-17T06:42:00,High value
231305,U080,2024-07-17T06:46:00,New vendor
231324,U933,2024-07-17T06:47:00,New vendor
231326,U226,2024-07-17T06:48:00,New vendor
231333,U341,2024-07-17T06:49:00,New vendor
231337,U518,2024-07-17T06:50:00,High value
231351,U956,2024-07-17T06:51:00,New vendor
231364,U985,2024-07-17T06:53:00,New vendor
231370,U564,2024-07-17T06:54:00,High value
231390,U254,2024-07-17T06:57:00,High value; New vendor
231411,U292,2024-07-17T06:59:00,New vendor
231425,U678,2024-07-17T07:00:00,High value
231427,U816,2024-07-17T07:00:00,New vendor
231432,U642,2024-07-17T07:01:00,New vendor
231433,U826,2024-07-17T07:01:00,High value; New vendor
231439,U450,2024-07-17T07:02:00,New vendor
231446,U986,2024-07-17T07:02:00,New vendor
231448,U136,2024-07-17T07:03:00,New vendor
231449,U299,2024-07-17T07:03:00,High value
231481,U028,2024-07-17T07:08:00,High value
231487,U458,2024-07-17T07:08:00,New vendor
231489,U584,2024-07-17T07:08:00,New vendor
231511,U461,2024-07-17T07:11:00,New vendor
231515,U217,2024-07-17T07:12:00,High value
231554,U007,2024-07-17T07:17:00,New vendor
231562,U275,2024-07-17T07:18:00,New vendor
231569,U917,2024-07-17T07:18:00,New vendor
231580,U351,2024-07-17T07:20:00,High value
231581,U519,2024-07-17T07:20:00,High value
231594,U178,2024-07-17T07:22:00,New vendor
231605,U080,2024-07-17T07:23:00,New vendor
231607,U262,2024-07-17T07:23:00,New vendor
231622,U702,2024-07-17T07:24:00,High value; New vendor
231623,U767,2024-07-17T07:24:00,High value
231627,U298,2024-07-17T07:25:00,New vendor
231655,U505,2024-07-17T07:29:00,New vendor
231669,U310,2024-07-17T07:31:00,High value
231688,U648,2024-07-17T07:33:00,New vendor
231750,U928,2024-07-17T07:40:00,New vendor
231785,U053,2024-07-17T07:45:00,High value
231787,U216,2024-07-17T07:45:00,High value; New vendor
231794,U539,2024-07-17T07:46:00,High value
231795,U552,2024-07-17T07:46:00,New vendor
231807,U559,2024-07-17T07:47:00,High value
231814,U265,2024-07-17T07:48:00,New vendor
231816,U359,2024-07-17T07:48:00,New vendor
231823,U984,2024-07-17T07:48:00,New vendor
231828,U657,2024-07-17T07:49:00,New vendor
231854,U026,2024-07-17T07:53:00,High value; New vendor
231855,U118,2024-07-17T07:53:00,New vendor
231858,U291,2024-07-17T07:53:00,New vendor
231860,U630,2024-07-17T07:53:00,High value
231893,U852,2024-07-17T07:56:00,High value
231918,U713,2024-07-17T07:59:00,New vendor
231930,U880,2024-07-17T08:01:00,New vendor
231936,U404,2024-07-17T08:02:00,High value
231957,U106,2024-07-17T08:05:00,High value
231970,U280,2024-07-17T08:06:00,High value; New vendor
231992,U378,2024-07-17T08:08:00,New vendor
232018,U676,2024-07-17T08:13:00,High value
232038,U165,2024-07-17T08:16:00,High value
232046,U754,2024-07-17T08:17:00,New vendor
232057,U475,2024-07-17T08:18:00,High value
232064,U896,2024-07-17T08:18:00,High value
232074,U482,2024-07-17T08:20:00,New vendor
232100,U487,2024-07-17T08:23:00,New vendor
232103,U752,2024-07-17T08:23:00,High value
232110,U900,2024-07-17T08:24:00,New vendor
232123,U188,2024-07-17T08:26:00,New vendor
232152,U472,2024-07-17T08:30:00,High value
232188,U333,2024-07-17T08:35:00,New vendor
232224,U343,2024-07-17T08:39:00,New vendor
232226,U710,2024-07-17T08:39:00,New vendor
232232,U601,2024-07-17T08:40:00,New vendor
232246,U657,2024-07-17T08:42:00,High value
232248,U806,2024-07-17T08:42:00,New vendor
232261,U499,2024-07-17T08:44:00,High value
232264,U855,2024-07-17T08:44:00,High value
232265,U954,2024-07-17T08:44:00,High value; New vendor
232288,U208,2024-07-17T08:47:00,New vendor
232303,U909,2024-07-17T08:48:00,New vendor
232305,U986,2024-07-17T08:48:00,High value
232307,U067,2024-07-17T08:49:00,High value; New vendor
232315,U648,2024-07-17T08:49:00,New vendor
232342,U402,2024-07-17T08:52:00,High value
232353,U617,2024-07-17T08:53:00,High value
232378,U325,2024-07-17T08:57:00,High value
232381,U598,2024-07-17T08:57:00,High value
232403,U607,2024-07-17T08:59:00,New vendor
232407,U458,2024-07-17T09:00:00,New vendor
232436,U639,2024-07-17T09:04:00,New vendor
232438,U808,2024-07-17T09:04:00,High value; New vendor
232451,U810,2024-07-17T09:05:00,High value
232453,U107,2024-07-17T09:06:00,High value
232469,U539,2024-07-17T09:07:00,High value
232491,U509,2024-07-17T09:09:00,New vendor
232494,U816,2024-07-17T09:09:00,New vendor
232513,U808,2024-07-17T09:11:00,New vendor
232537,U115,2024-07-17T09:14:00,New vendor
232541,U595,2024-07-17T09:14:00,High value; New vendor
232542,U873,2024-07-17T09:14:00,New vendor
232549,U711,2024-07-17T09:15:00,New vendor
232572,U576,2024-07-17T09:18:00,High value
232573,U819,2024-07-17T09:18:00,New vendor
232580,U542,2024-07-17T09:19:00,New vendor
232585,U867,2024-07-17T09:19:00,High value
232588,U951,2024-07-17T09:19:00,High value
232593,U438,2024-07-17T09:20:00,New vendor
232615,U179,2024-07-17T09:23:00,High value
232629,U295,2024-07-17T09:24:00,High value
232634,U669,2024-07-17T09:24:00,New vendor
232663,U743,2024-07-17T09:27:00,High value; New vendor
232691,U723,2024-07-17T09:32:00,High value
232703,U275,2024-07-17T09:34:00,New vendor
232726,U511,2024-07-17T09:37:00,New vendor
232739,U179,2024-07-17T09:40:00,High value
232746,U028,2024-07-17T09:41:00,High value
232769,U487,2024-07-17T09:44:00,New vendor
232775,U789,2024-07-17T09:44:00,High value
232780,U076,2024-07-17T09:45:00,New vendor
232782,U098,2024-07-17T09:45:00,New vendor
232795,U303,2024-07-17T09:46:00,New vendor
232799,U658,2024-07-17T09:46:00,High value
232833,U731,2024-07-17T09:50:00,New vendor
232837,U220,2024-07-17T09:51:00,High value; New vendor
232868,U262,2024-07-17T09:56:00,High value
232872,U620,2024-07-17T09:56:00,High value
232884,U781,2024-07-17T09:57:00,New vendor
232911,U291,2024-07-17T10:00:00,High value; New vendor
232945,U434,2024-07-17T10:04:00,New vendor
232946,U777,2024-07-17T10:04:00,High value
232953,U759,2024-07-17T10:05:00,High value
232958,U760,2024-07-17T10:06:00,New vendor
232970,U398,2024-07-17T10:08:00,High value
232984,U438,2024-07-17T10:09:00,New vendor
232987,U822,2024-07-17T10:09:00,New vendor
233000,U495,2024-07-17T10:10:00,New vendor
233035,U491,2024-07-17T10:14:00,New vendor
233036,U815,2024-07-17T10:14:00,New vendor
233037,U874,2024-07-17T10:14:00,New vendor
233041,U217,2024-07-17T10:15:00,High value
233066,U734,2024-07-17T10:17:00,New vendor
233085,U586,2024-07-17T10:19:00,New vendor
233094,U429,2024-07-17T10:20:00,High value; New vendor
233095,U496,2024-07-17T10:20:00,New vendor
233105,U418,2024-07-17T10:22:00,New vendor
233107,U934,2024-07-17T10:22:00,New vendor
233111,U397,2024-07-17T10:23:00,High value; New vendor
233127,U201,2024-07-17T10:24:00,High value
233134,U341,2024-07-17T10:24:00,New vendor
233140,U705,2024-07-17T10:24:00,New vendor
233158,U087,2024-07-17T10:26:00,New vendor
233167,U104,2024-07-17T10:27:00,New vendor
233171,U611,2024-07-17T10:27:00,New vendor
233194,U284,2024-07-17T10:31:00,High value; New vendor
233226,U547,2024-07-17T10:35:00,New vendor
233234,U194,2024-07-17T10:36:00,High value
233237,U565,2024-07-17T10:36:00,New vendor
233240,U251,2024-07-17T10:37:00,High value; New vendor
233246,U666,2024-07-17T10:37:00,New vendor
233248,U817,2024-07-17T10:37:00,New vendor
233265,U160,2024-07-17T10:40:00,New vendor
233302,U003,2024-07-17T10:45:00,New vendor
233304,U055,2024-07-17T10:45:00,High value
233317,U332,2024-07-17T10:47:00,New vendor
233323,U825,2024-07-17T10:47:00,High value
233329,U143,2024-07-17T10:48:00,High value
233338,U731,2024-07-17T10:48:00,New vendor
233341,U099,2024-07-17T10:49:00,New vendor
233351,U956,2024-07-17T10:49:00,New vendor
233380,U861,2024-07-17T10:54:00,New vendor
233395,U487,2024-07-17T10:57:00,New vendor
233400,U489,2024-07-17T10:58:00,New vendor
233448,U236,2024-07-17T11:03:00,High value
233495,U689,2024-07-17T11:08:00,High value
233507,U665,2024-07-17T11:09:00,New vendor
233519,U646,2024-07-17T11:10:00,New vendor
233530,U199,2024-07-17T11:12:00,New vendor
233534,U630,2024-07-17T11:12:00,High value
233540,U725,2024-07-17T11:13:00,High value
233543,U995,2024-07-17T11:13:00,New vendor
233549,U822,2024-07-17T11:14:00,New vendor
233551,U228,2024-07-17T11:15:00,New vendor
233558,U810,2024-07-17T11:15:00,High value
233576,U347,2024-07-17T11:18:00,New vendor
233591,U924,2024-07-17T11:19:00,New vendor
233624,U745,2024-07-17T11:23:00,High value
233625,U870,2024-07-17T11:23:00,New vendor
233639,U514,2024-07-17T11:25:00,New vendor
233655,U186,2024-07-17T11:27:00,High value
233667,U893,2024-07-17T11:27:00,High value
233673,U907,2024-07-17T11:28:00,High value
233681,U990,2024-07-17T11:29:00,High value
233702,U069,2024-07-17T11:32:00,New vendor
233709,U012,2024-07-17T11:33:00,High value
233711,U131,2024-07-17T11:33:00,New vendor
233715,U485,2024-07-17T11:33:00,New vendor
233725,U292,2024-07-17T11:34:00,New vendor
233748,U194,2024-07-17T11:37:00,New vendor
233751,U430,2024-07-17T11:37:00,High value
233760,U102,2024-07-17T11:38:00,New vendor
233763,U546,2024-07-17T11:38:00,New vendor
233771,U499,2024-07-17T11:39:00,High value
233795,U891,2024-07-17T11:42:00,High value
233812,U027,2024-07-17T11:44:00,High value
233815,U123,2024-07-17T11:44:00,New vendor
233840,U363,2024-07-17T11:46:00,High value; New vendor
233861,U447,2024-07-17T11:49:00,New vendor
233866,U643,2024-07-17T11:49:00,New vendor
233867,U913,2024-07-17T11:49:00,New vendor
233879,U918,2024-07-17T11:50:00,New vendor
233890,U360,2024-07-17T11:52:00,High value
233893,U766,2024-07-17T11:52:00,High value; New vendor
233904,U714,2024-07-17T11:53:00,New vendor
233915,U634,2024-07-17T11:54:00,New vendor
233943,U274,2024-07-17T11:57:00,New vendor
233951,U028,2024-07-17T11:58:00,High value
233972,U017,2024-07-17T12:00:00,New vendor
233985,U096,2024-07-17T12:01:00,New vendor
233986,U121,2024-07-17T12:01:00,High value
233993,U576,2024-07-17T12:02:00,High value
233999,U425,2024-07-17T12:03:00,High value
234003,U687,2024-07-17T12:03:00,High value
234031,U667,2024-07-17T12:07:00,New vendor
234054,U477,2024-07-17T12:11:00,High value
234087,U993,2024-07-17T12:14:00,New vendor
234089,U071,2024-07-17T12:15:00,New vendor
234100,U660,2024-07-17T12:16:00,New vendor
234116,U714,2024-07-17T12:18:00,New vendor
234119,U023,2024-07-17T12:19:00,High value
234134,U067,2024-07-17T12:21:00,New vendor
234173,U087,2024-07-17T12:25:00,High value
234179,U711,2024-07-17T12:25:00,New vendor
234181,U127,2024-07-17T12:26:00,New vendor
234192,U944,2024-07-17T12:26:00,New vendor
234202,U382,2024-07-17T12:28:00,High value
234210,U766,2024-07-17T12:29:00,High value; New vendor
234212,U864,2024-07-17T12:29:00,New vendor
234217,U458,2024-07-17T12:30:00,New vendor
234259,U958,2024-07-17T12:34:00,High value
234289,U722,2024-07-17T12:39:00,New vendor
234315,U463,2024-07-17T12:42:00,New vendor
234324,U130,2024-07-17T12:43:00,New vendor
234360,U208,2024-07-17T12:47:00,New vendor
234361,U380,2024-07-17T12:47:00,High value; New vendor
234370,U045,2024-07-17T12:48:00,High value
234387,U548,2024-07-17T12:49:00,High value
234392,U882,2024-07-17T12:50:00,New vendor
234406,U559,2024-07-17T12:52:00,High value; New vendor
234413,U465,2024-07-17T12:53:00,New vendor
234432,U946,2024-07-17T12:54:00,High value
234488,U363,2024-07-17T13:02:00,High value; New vendor
234532,U990,2024-07-17T13:07:00,New vendor
234534,U228,2024-07-17T13:08:00,New vendor
234535,U414,2024-07-17T13:08:00,New vendor
234539,U837,2024-07-17T13:08:00,New vendor
234540,U887,2024-07-17T13:08:00,High value
234556,U048,2024-07-17T13:11:00,New vendor
234561,U337,2024-07-17T13:11:00,New vendor
234565,U861,2024-07-17T13:11:00,New vendor
234578,U772,2024-07-17T13:14:00,High value
234595,U911,2024-07-17T13:15:00,New vendor
234598,U248,2024-07-17T13:16:00,High value
234602,U944,2024-07-17T13:16:00,New vendor
234603,U371,2024-07-17T13:17:00,High value
234609,U023,2024-07-17T13:18:00,New vendor
234610,U191,2024-07-17T13:18:00,New vendor
234616,U861,2024-07-17T13:18:00,New vendor
234625,U545,2024-07-17T13:20:00,New vendor
234632,U342,2024-07-17T13:21:00,High value; New vendor
234636,U617,2024-07-17T13:21:00,High value
234644,U819,2024-07-17T13:22:00,New vendor
234646,U033,2024-07-17T13:23:00,High value
234656,U957,2024-07-17T13:23:00,High value
234666,U597,2024-07-17T13:24:00,New vendor
234691,U775,2024-07-17T13:26:00,High value
234708,U710,2024-07-17T13:28:00,New vendor
234712,U963,2024-07-17T13:28:00,High value
234727,U205,2024-07-17T13:30:00,High value
234729,U442,2024-07-17T13:30:00,New vendor
234734,U890,2024-07-17T13:30:00,High value
234755,U895,2024-07-17T13:32:00,High value
234788,U179,2024-07-17T13:37:00,New vendor
234799,U959,2024-07-17T13:37:00,New vendor
234805,U016,2024-07-17T13:39:00,New vendor
234816,U912,2024-07-17T13:39:00,New vendor
234824,U289,2024-07-17T13:41:00,New vendor
234825,U500,2024-07-17T13:41:00,New vendor
234831,U789,2024-07-17T13:41:00,High value
234850,U711,2024-07-17T13:43:00,High value; New vendor
234860,U933,2024-07-17T13:44:00,New vendor
234863,U240,2024-07-17T13:45:00,High value
234864,U284,2024-07-17T13:45:00,New vendor
234871,U792,2024-07-17T13:45:00,New vendor
234890,U698,2024-07-17T13:47:00,High value
234903,U179,2024-07-17T13:49:00,New vendor
234912,U447,2024-07-17T13:50:00,New vendor
234927,U059,2024-07-17T13:52:00,New vendor
234928,U143,2024-07-17T13:52:00,New vendor
234930,U611,2024-07-17T13:52:00,New vendor
234946,U673,2024-07-17T13:54:00,High value
234949,U787,2024-07-17T13:54:00,New vendor
234961,U633,2024-07-17T13:55:00,High value; New vendor
234969,U458,2024-07-17T13:56:00,New vendor
234977,U944,2024-07-17T13:57:00,New vendor
234981,U820,2024-07-17T13:58:00,High value
234992,U806,2024-07-17T13:59:00,New vendor
234997,U089,2024-07-17T14:00:00,High value
234999,U231,2024-07-17T14:00:00,High value
235014,U139,2024-07-17T14:02:00,New vendor
235052,U357,2024-07-17T14:06:00,High value
235059,U461,2024-07-17T14:07:00,High value
235091,U352,2024-07-17T14:10:00,High value
235095,U519,2024-07-17T14:10:00,High value
235117,U727,2024-07-17T14:13:00,High value
235123,U359,2024-07-17T14:14:00,New vendor
235154,U945,2024-07-17T14:16:00,New vendor
235183,U196,2024-07-17T14:21:00,High value; New vendor
235190,U946,2024-07-17T14:21:00,High value
235197,U303,2024-07-17T14:22:00,New vendor
235200,U502,2024-07-17T14:22:00,High value
235215,U991,2024-07-17T14:23:00,High value
235221,U877,2024-07-17T14:24:00,New vendor
235227,U044,2024-07-17T14:25:00,High value
235259,U083,2024-07-17T14:28:00,New vendor
235274,U039,2024-07-17T14:30:00,New vendor
235275,U058,2024-07-17T14:30:00,New vendor
235277,U104,2024-07-17T14:30:00,New vendor
235323,U592,2024-07-17T14:35:00,New vendor
235344,U029,2024-07-17T14:38:00,New vendor
235353,U675,2024-07-17T14:38:00,High value
235363,U676,2024-07-17T14:39:00,High value
235412,U991,2024-07-17T14:45:00,High value
235417,U338,2024-07-17T14:46:00,New vendor
235427,U275,2024-07-17T14:47:00,New vendor
235443,U137,2024-07-17T14:49:00,New vendor
235444,U239,2024-07-17T14:49:00,High value
235447,U570,2024-07-17T14:49:00,High value; New vendor
235448,U822,2024-07-17T14:49:00,New vendor
235460,U806,2024-07-17T14:50:00,New vendor
235484,U504,2024-07-17T14:54:00,New vendor
235487,U813,2024-07-17T14:54:00,New vendor
235497,U592,2024-07-17T14:56:00,New vendor
235505,U288,2024-07-17T14:57:00,New vendor
235551,U278,2024-07-17T15:02:00,New vendor
235564,U373,2024-07-17T15:03:00,New vendor
235570,U797,2024-07-17T15:03:00,High value
235572,U193,2024-07-17T15:04:00,New vendor
235593,U095,2024-07-17T15:07:00,New vendor
235598,U854,2024-07-17T15:07:00,High value; New vendor
235617,U603,2024-07-17T15:10:00,New vendor
235618,U845,2024-07-17T15:10:00,New vendor
235627,U167,2024-07-17T15:12:00,High value; New vendor
235639,U479,2024-07-17T15:13:00,New vendor
235676,U052,2024-07-17T15:17:00,New vendor
235684,U906,2024-07-17T15:17:00,High value
235703,U539,2024-07-17T15:19:00,High value
235709,U071,2024-07-17T15:20:00,New vendor
235711,U641,2024-07-17T15:20:00,High value
235721,U730,2024-07-17T15:21:00,New vendor
235750,U452,2024-07-17T15:24:00,New vendor
235779,U309,2024-07-17T15:27:00,New vendor
235786,U056,2024-07-17T15:28:00,New vendor
235794,U781,2024-07-17T15:28:00,New vendor
235809,U287,2024-07-17T15:30:00,New vendor
235843,U642,2024-07-17T15:33:00,New vendor
235852,U705,2024-07-17T15:34:00,New vendor
235854,U024,2024-07-17T15:35:00,High value; New vendor
235862,U864,2024-07-17T15:35:00,New vendor
235864,U139,2024-07-17T15:36:00,New vendor
235865,U203,2024-07-17T15:36:00,High value
235867,U243,2024-07-17T15:36:00,New vendor
235869,U413,2024-07-17T15:36:00,New vendor
235872,U027,2024-07-17T15:37:00,High value
235884,U015,2024-07-17T15:39:00,High value; New vendor
235896,U979,2024-07-17T15:40:00,New vendor
235912,U197,2024-07-17T15:43:00,High value
235917,U654,2024-07-17T15:43:00,High value
235929,U511,2024-07-17T15:44:00,New vendor
235940,U753,2024-07-17T15:45:00,New vendor
235950,U599,2024-07-17T15:46:00,New vendor
235971,U550,2024-07-17T15:48:00,High value
235977,U301,2024-07-17T15:49:00,New vendor
235990,U041,2024-07-17T15:50:00,High value; New vendor
235994,U450,2024-07-17T15:50:00,New vendor
236001,U283,2024-07-17T15:51:00,New vendor
236002,U431,2024-07-17T15:51:00,New vendor
236022,U634,2024-07-17T15:53:00,High value
236081,U896,2024-07-17T16:00:00,High value
236083,U194,2024-07-17T16:01:00,High value
236118,U582,2024-07-17T16:04:00,High value
236134,U047,2024-07-17T16:06:00,High value; New vendor
236148,U314,2024-07-17T16:07:00,High value
236156,U130,2024-07-17T16:08:00,New vendor
236177,U997,2024-07-17T16:10:00,New vendor
236187,U924,2024-07-17T16:11:00,High value; New vendor
236234,U436,2024-07-17T16:15:00,New vendor
236238,U857,2024-07-17T16:15:00,New vendor
236256,U175,2024-07-17T16:18:00,High value
236260,U527,2024-07-17T16:18:00,New vendor
236267,U121,2024-07-17T16:19:00,New vendor
236283,U496,2024-07-17T16:20:00,High value; New vendor
236284,U638,2024-07-17T16:20:00,High value; New vendor
236286,U788,2024-07-17T16:20:00,New vendor
236311,U992,2024-07-17T16:22:00,New vendor
236346,U780,2024-07-17T16:25:00,High value
236354,U025,2024-07-17T16:27:00,New vendor
236366,U860,2024-07-17T16:28:00,New vendor
236373,U212,2024-07-17T16:29:00,New vendor
236385,U822,2024-07-17T16:30:00,New vendor
236404,U849,2024-07-17T16:32:00,New vendor
236438,U754,2024-07-17T16:35:00,High value
236463,U743,2024-07-17T16:38:00,New vendor
236466,U074,2024-07-17T16:39:00,New vendor
236482,U455,2024-07-17T16:41:00,High value
236496,U782,2024-07-17T16:42:00,New vendor
236498,U997,2024-07-17T16:42:00,New vendor
236502,U419,2024-07-17T16:43:00,High value
236504,U435,2024-07-17T16:43:00,High value
236532,U907,2024-07-17T16:45:00,New vendor
236538,U276,2024-07-17T16:46:00,New vendor
236543,U616,2024-07-17T16:46:00,High value
236547,U923,2024-07-17T16:46:00,High value
236549,U283,2024-07-17T16:47:00,New vendor
236552,U413,2024-07-17T16:47:00,High value; New vendor
236567,U179,2024-07-17T16:49:00,New vendor
236577,U822,2024-07-17T16:50:00,New vendor
236579,U065,2024-07-17T16:51:00,High value
236586,U874,2024-07-17T16:51:00,New vendor
236590,U259,2024-07-17T16:52:00,New vendor
236592,U515,2024-07-17T16:52:00,New vendor
236602,U933,2024-07-17T16:53:00,High value
236603,U976,2024-07-17T16:53:00,High value
236607,U621,2024-07-17T16:54:00,New vendor
236626,U008,2024-07-17T16:56:00,High value
236640,U161,2024-07-17T16:58:00,High value
236651,U786,2024-07-17T16:59:00,New vendor
236688,U691,2024-07-17T17:04:00,New vendor
236700,U684,2024-07-17T17:05:00,New vendor
236703,U096,2024-07-17T17:06:00,New vendor
236709,U502,2024-07-17T17:06:00,New vendor
236719,U543,2024-07-17T17:07:00,New vendor
236721,U591,2024-07-17T17:07:00,High value
236759,U119,2024-07-17T17:11:00,New vendor
236774,U466,2024-07-17T17:12:00,New vendor
236800,U699,2024-07-17T17:15:00,High value
236803,U924,2024-07-17T17:15:00,New vendor
236842,U696,2024-07-17T17:20:00,High value
236843,U068,2024-07-17T17:21:00,New vendor
236853,U042,2024-07-17T17:23:00,New vendor
236875,U516,2024-07-17T17:25:00,High value
236879,U998,2024-07-17T17:25:00,High value
236900,U580,2024-07-17T17:28:00,New vendor
236906,U174,2024-07-17T17:29:00,High value
236934,U809,2024-07-17T17:31:00,New vendor
236968,U254,2024-07-17T17:35:00,New vendor
236975,U502,2024-07-17T17:35:00,New vendor
236996,U633,2024-07-17T17:37:00,New vendor
237005,U540,2024-07-17T17:38:00,High value
237011,U293,2024-07-17T17:39:00,High value
237035,U150,2024-07-17T17:42:00,High value
237055,U200,2024-07-17T17:46:00,High value
237064,U943,2024-07-17T17:46:00,High value
237076,U837,2024-07-17T17:48:00,New vendor
237078,U984,2024-07-17T17:48:00,High value; New vendor
237080,U283,2024-07-17T17:49:00,High value; New vendor
237081,U299,2024-07-17T17:49:00,New vendor
237083,U397,2024-07-17T17:49:00,New vendor
237084,U734,2024-07-17T17:49:00,New vendor
237093,U828,2024-07-17T17:50:00,New vendor
237116,U729,2024-07-17T17:52:00,High value
237133,U047,2024-07-17T17:55:00,New vendor
237148,U952,2024-07-17T17:56:00,High value
237173,U551,2024-07-17T17:59:00,High value
237188,U392,2024-07-17T18:01:00,New vendor
237232,U661,2024-07-17T18:05:00,High value; New vendor
237250,U120,2024-07-17T18:08:00,New vendor
237276,U934,2024-07-17T18:10:00,New vendor
237293,U847,2024-07-17T18:12:00,New vendor
237309,U299,2024-07-17T18:14:00,High value
237314,U681,2024-07-17T18:14:00,High value
237320,U815,2024-07-17T18:14:00,New vendor
237337,U800,2024-07-17T18:15:00,New vendor
237378,U889,2024-07-17T18:20:00,High value; New vendor
237384,U985,2024-07-17T18:21:00,New vendor
237437,U601,2024-07-17T18:29:00,New vendor
237440,U760,2024-07-17T18:29:00,New vendor
237444,U303,2024-07-17T18:30:00,New vendor
237454,U700,2024-07-17T18:31:00,High value
237464,U689,2024-07-17T18:32:00,High value
237479,U002,2024-07-17T18:35:00,High value; New vendor
237506,U040,2024-07-17T18:37:00,High value
237512,U041,2024-07-17T18:38:00,New vendor
237538,U633,2024-07-17T18:41:00,New vendor
237552,U431,2024-07-17T18:43:00,High value
237559,U413,2024-07-17T18:44:00,High value; New vendor
237563,U993,2024-07-17T18:44:00,New vendor
237572,U319,2024-07-17T18:46:00,New vendor
237600,U026,2024-07-17T18:50:00,New vendor
237601,U027,2024-07-17T18:50:00,High value; New vendor
237602,U039,2024-07-17T18:50:00,High value; New vendor
237611,U341,2024-07-17T18:51:00,High value; New vendor
237640,U898,2024-07-17T18:53:00,New vendor
237646,U383,2024-07-17T18:54:00,High value; New vendor
237647,U608,2024-07-17T18:54:00,New vendor
237670,U597,2024-07-17T18:56:00,New vendor
237674,U889,2024-07-17T18:56:00,New vendor
237675,U971,2024-07-17T18:56:00,High value
237680,U644,2024-07-17T18:57:00,New vendor
237686,U166,2024-07-17T18:58:00,New vendor
237697,U115,2024-07-17T18:59:00,New vendor
237701,U549,2024-07-17T18:59:00,New vendor
237705,U858,2024-07-17T18:59:00,High value; New vendor
237714,U893,2024-07-17T19:00:00,New vendor
237716,U924,2024-07-17T19:00:00,New vendor
237740,U811,2024-07-17T19:03:00,New vendor
237741,U987,2024-07-17T19:03:00,New vendor
237746,U429,2024-07-17T19:04:00,New vendor
237764,U559,2024-07-17T19:06:00,New vendor
237773,U667,2024-07-17T19:07:00,High value; New vendor
237778,U643,2024-07-17T19:08:00,New vendor
237781,U107,2024-07-17T19:09:00,New vendor
237797,U633,2024-07-17T19:10:00,New vendor
237803,U851,2024-07-17T19:10:00,New vendor
237814,U653,2024-07-17T19:11:00,High value
237821,U007,2024-07-17T19:13:00,High value
237824,U215,2024-07-17T19:13:00,New vendor
237825,U527,2024-07-17T19:13:00,New vendor
237834,U251,2024-07-17T19:14:00,New vendor
237837,U688,2024-07-17T19:14:00,New vendor
237843,U451,2024-07-17T19:15:00,New vendor
237863,U670,2024-07-17T19:17:00,New vendor
237874,U696,2024-07-17T19:18:00,High value
237906,U356,2024-07-17T19:21:00,New vendor
237911,U832,2024-07-17T19:21:00,High value
237923,U729,2024-07-17T19:22:00,High value
237946,U423,2024-07-17T19:25:00,New vendor
237957,U508,2024-07-17T19:26:00,High value; New vendor
237960,U762,2024-07-17T19:26:00,High value
237981,U436,2024-07-17T19:29:00,High value; New vendor
237993,U117,2024-07-17T19:30:00,High value
237997,U414,2024-07-17T19:30:00,New vendor
238003,U171,2024-07-17T19:31:00,New vendor
238038,U162,2024-07-17T19:35:00,New vendor
238059,U826,2024-07-17T19:37:00,New vendor
238068,U275,2024-07-17T19:38:00,New vendor
238091,U547,2024-07-17T19:41:00,New vendor
238099,U819,2024-07-17T19:42:00,New vendor
238121,U241,2024-07-17T19:46:00,New vendor
238123,U332,2024-07-17T19:46:00,High value
238159,U875,2024-07-17T19:49:00,High value
238174,U016,2024-07-17T19:52:00,New vendor
238176,U382,2024-07-17T19:52:00,New vendor
238180,U918,2024-07-17T19:52:00,New vendor
238181,U971,2024-07-17T19:52:00,New vendor
238216,U291,2024-07-17T19:57:00,New vendor
238218,U675,2024-07-17T19:57:00,High value
238223,U080,2024-07-17T19:58:00,New vendor
238248,U116,2024-07-17T20:00:00,New vendor
238261,U612,2024-07-17T20:01:00,High value; New vendor
238280,U453,2024-07-17T20:03:00,High value
238289,U410,2024-07-17T20:04:00,New vendor
238332,U450,2024-07-17T20:09:00,New vendor
238344,U024,2024-07-17T20:11:00,New vendor
238346,U137,2024-07-17T20:11:00,New vendor
238349,U220,2024-07-17T20:11:00,New vendor
238358,U518,2024-07-17T20:12:00,High value
238360,U874,2024-07-17T20:12:00,New vendor
238370,U185,2024-07-17T20:15:00,High value
238372,U367,2024-07-17T20:15:00,New vendor
238374,U635,2024-07-17T20:15:00,High value
238380,U461,2024-07-17T20:16:00,High value
238383,U557,2024-07-17T20:16:00,New vendor
238394,U324,2024-07-17T20:17:00,High value
238434,U515,2024-07-17T20:24:00,High value; New vendor
238435,U593,2024-07-17T20:24:00,New vendor
238439,U239,2024-07-17T20:25:00,High value
238447,U721,2024-07-17T20:25:00,High value
238450,U190,2024-07-17T20:26:00,New vendor
238456,U319,2024-07-17T20:27:00,New vendor
238457,U465,2024-07-17T20:27:00,New vendor
238461,U832,2024-07-17T20:27:00,High value
238471,U663,2024-07-17T20:28:00,New vendor
238484,U677,2024-07-17T20:30:00,New vendor
238506,U354,2024-07-17T20:32:00,High value; New vendor
238507,U376,2024-07-17T20:32:00,High value
238508,U490,2024-07-17T20:32:00,New vendor
238530,U013,2024-07-17T20:35:00,New vendor
238532,U274,2024-07-17T20:35:00,New vendor
238534,U470,2024-07-17T20:35:00,New vendor
238536,U889,2024-07-17T20:35:00,High value; New vendor
238538,U921,2024-07-17T20:35:00,High value
238563,U463,2024-07-17T20:38:00,New vendor
238568,U917,2024-07-17T20:38:00,New vendor
238573,U365,2024-07-17T20:39:00,New vendor
238576,U667,2024-07-17T20:39:00,New vendor
238577,U671,2024-07-17T20:39:00,New vendor
238590,U127,2024-07-17T20:41:00,New vendor
238598,U642,2024-07-17T20:41:00,New vendor
238611,U934,2024-07-17T20:42:00,High value
238613,U006,2024-07-17T20:43:00,High value
238632,U883,2024-07-17T20:45:00,New vendor
238648,U633,2024-07-17T20:47:00,New vendor
238649,U809,2024-07-17T20:47:00,New vendor
238668,U179,2024-07-17T20:50:00,New vendor
238682,U007,2024-07-17T20:52:00,New vendor
238686,U570,2024-07-17T20:52:00,High value; New vendor
238758,U312,2024-07-17T21:00:00,High value
238762,U739,2024-07-17T21:00:00,New vendor
238764,U265,2024-07-17T21:01:00,New vendor
238782,U012,2024-07-17T21:03:00,New vendor
238797,U017,2024-07-17T21:05:00,New vendor
238801,U251,2024-07-17T21:05:00,High value
238807,U023,2024-07-17T21:06:00,New vendor
238819,U848,2024-07-17T21:07:00,High value
238831,U364,2024-07-17T21:09:00,New vendor
238838,U275,2024-07-17T21:10:00,New vendor
238851,U386,2024-07-17T21:11:00,New vendor
238854,U840,2024-07-17T21:11:00,New vendor
238863,U143,2024-07-17T21:13:00,New vendor
238870,U893,2024-07-17T21:13:00,New vendor
238877,U436,2024-07-17T21:14:00,High value
238880,U869,2024-07-17T21:14:00,High value
238886,U166,2024-07-17T21:15:00,New vendor
238889,U482,2024-07-17T21:15:00,New vendor
238899,U162,2024-07-17T21:16:00,New vendor
238904,U363,2024-07-17T21:16:00,New vendor
238905,U401,2024-07-17T21:16:00,New vendor
238920,U315,2024-07-17T21:18:00,High value
238975,U236,2024-07-17T21:24:00,High value
238980,U526,2024-07-17T21:25:00,New vendor
238983,U104,2024-07-17T21:26:00,New vendor
239001,U367,2024-07-17T21:28:00,New vendor
239009,U982,2024-07-17T21:28:00,High value
239010,U265,2024-07-17T21:29:00,New vendor
239023,U523,2024-07-17T21:30:00,New vendor
239037,U685,2024-07-17T21:31:00,High value
239038,U781,2024-07-17T21:31:00,New vendor
239064,U676,2024-07-17T21:35:00,High value
239068,U578,2024-07-17T21:36:00,New vendor
239086,U545,2024-07-17T21:38:00,New vendor
239089,U792,2024-07-17T21:38:00,New vendor
239098,U289,2024-07-17T21:40:00,New vendor
239109,U763,2024-07-17T21:41:00,New vendor
239110,U864,2024-07-17T21:41:00,New vendor
239122,U952,2024-07-17T21:42:00,New vendor
239123,U992,2024-07-17T21:42:00,New vendor
239130,U507,2024-07-17T21:43:00,New vendor
239137,U165,2024-07-17T21:44:00,High value
239148,U188,2024-07-17T21:45:00,New vendor
239160,U532,2024-07-17T21:46:00,New vendor
239175,U652,2024-07-17T21:47:00,New vendor
239179,U382,2024-07-17T21:48:00,New vendor
239182,U876,2024-07-17T21:48:00,High value
239186,U250,2024-07-17T21:49:00,High value
239187,U269,2024-07-17T21:49:00,New vendor
239190,U523,2024-07-17T21:49:00,High value
239202,U352,2024-07-17T21:51:00,High value
239221,U039,2024-07-17T21:54:00,New vendor
239228,U820,2024-07-17T21:54:00,High value
239230,U290,2024-07-17T21:55:00,New vendor
239237,U359,2024-07-17T21:56:00,New vendor
239244,U874,2024-07-17T21:56:00,New vendor
239274,U593,2024-07-17T21:59:00,New vendor
239285,U710,2024-07-17T22:00:00,New vendor
239289,U216,2024-07-17T22:01:00,High value
239302,U625,2024-07-17T22:02:00,New vendor
239306,U161,2024-07-17T22:03:00,New vendor
239307,U198,2024-07-17T22:03:00,High value
239310,U461,2024-07-17T22:03:00,New vendor
239311,U466,2024-07-17T22:03:00,New vendor
239313,U665,2024-07-17T22:03:00,New vendor
239317,U917,2024-07-17T22:03:00,New vendor
239338,U333,2024-07-17T22:06:00,New vendor
239341,U677,2024-07-17T22:06:00,New vendor
239349,U736,2024-07-17T22:07:00,New vendor
239361,U816,2024-07-17T22:08:00,New vendor
239378,U275,2024-07-17T22:11:00,New vendor
239387,U216,2024-07-17T22:12:00,High value; New vendor
239412,U699,2024-07-17T22:14:00,New vendor
239418,U593,2024-07-17T22:15:00,New vendor
239423,U352,2024-07-17T22:16:00,High value
239429,U397,2024-07-17T22:17:00,New vendor
239430,U711,2024-07-17T22:17:00,New vendor
239463,U889,2024-07-17T22:20:00,New vendor
239480,U893,2024-07-17T22:22:00,High value; New vendor
239482,U993,2024-07-17T22:22:00,New vendor
239496,U246,2024-07-17T22:25:00,High value
239503,U183,2024-07-17T22:26:00,High value
239513,U054,2024-07-17T22:27:00,High value
239535,U654,2024-07-17T22:29:00,New vendor
239538,U150,2024-07-17T22:30:00,High value
239552,U366,2024-07-17T22:32:00,New vendor
239591,U437,2024-07-17T22:36:00,New vendor
239600,U216,2024-07-17T22:37:00,New vendor
239610,U217,2024-07-17T22:38:00,High value
239617,U636,2024-07-17T22:38:00,High value
239652,U816,2024-07-17T22:42:00,New vendor
239688,U017,2024-07-17T22:47:00,High value
239716,U263,2024-07-17T22:50:00,New vendor
239721,U552,2024-07-17T22:50:00,New vendor
239744,U491,2024-07-17T22:54:00,New vendor
239763,U465,2024-07-17T22:56:00,New vendor
239772,U169,2024-07-17T22:57:00,New vendor
239776,U766,2024-07-17T22:57:00,New vendor
239785,U239,2024-07-17T22:59:00,High value
239805,U602,2024-07-17T23:01:00,High value; New vendor
239812,U491,2024-07-17T23:03:00,High value
239843,U851,2024-07-17T23:06:00,New vendor
239848,U750,2024-07-17T23:07:00,High value
239868,U632,2024-07-17T23:10:00,High value
239890,U498,2024-07-17T23:13:00,New vendor
239891,U607,2024-07-17T23:13:00,New vendor
239897,U977,2024-07-17T23:13:00,New vendor
239898,U166,2024-07-17T23:14:00,New vendor
239902,U442,2024-07-17T23:14:00,High value; New vendor
239925,U854,2024-07-17T23:16:00,New vendor
239934,U114,2024-07-17T23:18:00,New vendor
239943,U046,2024-07-17T23:19:00,New vendor
239955,U094,2024-07-17T23:20:00,New vendor
239972,U934,2024-07-17T23:21:00,New vendor
239973,U100,2024-07-17T23:22:00,High value; New vendor
239981,U500,2024-07-17T23:23:00,New vendor
239983,U684,2024-07-17T23:23:00,High value
239988,U226,2024-07-17T23:24:00,New vendor
239993,U604,2024-07-17T23:24:00,New vendor
239996,U768,2024-07-17T23:24:00,New vendor
240004,U275,2024-07-17T23:26:00,New vendor
240017,U746,2024-07-17T23:27:00,High value
240020,U007,2024-07-17T23:28:00,High value; New vendor
240021,U059,2024-07-17T23:28:00,New vendor
240062,U518,2024-07-17T23:32:00,High value
240068,U783,2024-07-17T23:33:00,New vendor
240076,U367,2024-07-17T23:34:00,New vendor
240078,U613,2024-07-17T23:34:00,New vendor
240088,U994,2024-07-17T23:35:00,High value; New vendor
240091,U153,2024-07-17T23:36:00,High value
240100,U194,2024-07-17T23:37:00,High value; New vendor
240101,U274,2024-07-17T23:37:00,New vendor
240108,U046,2024-07-17T23:38:00,New vendor
240156,U126,2024-07-17T23:44:00,New vendor
240175,U739,2024-07-17T23:47:00,New vendor
240200,U398,2024-07-17T23:50:00,New vendor
240221,U903,2024-07-17T23:52:00,New vendor
240238,U571,2024-07-17T23:54:00,New vendor
240256,U236,2024-07-17T23:57:00,High value
240269,U678,2024-07-17T23:58:00,New vendor
240274,U928,2024-07-17T23:59:00,High value
240280,U870,2024-07-18T00:00:00,New vendor
240307,U800,2024-07-18T00:04:00,New vendor
240315,U464,2024-07-18T00:05:00,New vendor
240348,U442,2024-07-18T00:11:00,New vendor
240368,U674,2024-07-18T00:13:00,High value
240384,U823,2024-07-18T00:15:00,High value
240408,U924,2024-07-18T00:17:00,High value; New vendor
240413,U717,2024-07-18T00:18:00,High value
240415,U781,2024-07-18T00:18:00,New vendor
240420,U295,2024-07-18T00:19:00,High value
240438,U042,2024-07-18T00:22:00,New vendor
240439,U192,2024-07-18T00:22:00,High value
240445,U987,2024-07-18T00:22:00,New vendor
240450,U762,2024-07-18T00:23:00,New vendor
240458,U269,2024-07-18T00:24:00,New vendor
240462,U739,2024-07-18T00:24:00,New vendor
240483,U947,2024-07-18T00:26:00,High value
240484,U958,2024-07-18T00:26:00,High value
240490,U216,2024-07-18T00:27:00,New vendor
240504,U315,2024-07-18T00:29:00,High value
240506,U462,2024-07-18T00:29:00,High value
240518,U787,2024-07-18T00:30:00,High value; New vendor
240528,U835,2024-07-18T00:31:00,New vendor
240532,U982,2024-07-18T00:31:00,High value
240536,U313,2024-07-18T00:32:00,High value
240543,U857,2024-07-18T00:32:00,New vendor
240565,U594,2024-07-18T00:35:00,New vendor
240566,U743,2024-07-18T00:35:00,High value; New vendor
240568,U809,2024-07-18T00:35:00,High value
240571,U924,2024-07-18T00:35:00,High value; New vendor
240585,U439,2024-07-18T00:37:00,High value
240590,U471,2024-07-18T00:38:00,High value; New vendor
240591,U600,2024-07-18T00:38:00,High value
240602,U642,2024-07-18T00:39:00,New vendor
240616,U228,2024-07-18T00:41:00,New vendor
240642,U352,2024-07-18T00:45:00,High value
240671,U993,2024-07-18T00:47:00,High value; New vendor
240674,U575,2024-07-18T00:48:00,New vendor
240678,U418,2024-07-18T00:49:00,High value
240679,U466,2024-07-18T00:49:00,New vendor
240683,U937,2024-07-18T00:49:00,High value
240691,U549,2024-07-18T00:50:00,New vendor
240694,U802,2024-07-18T00:50:00,New vendor
240696,U029,2024-07-18T00:51:00,New vendor
240700,U161,2024-07-18T00:51:00,New vendor
240733,U193,2024-07-18T00:54:00,New vendor
240744,U764,2024-07-18T00:55:00,High value; New vendor
240748,U500,2024-07-18T00:56:00,New vendor
240751,U984,2024-07-18T00:56:00,High value; New vendor
240764,U884,2024-07-18T00:57:00,High value; New vendor
240791,U429,2024-07-18T01:01:00,New vendor
240812,U785,2024-07-18T01:02:00,High value
240843,U470,2024-07-18T01:06:00,High value; New vendor
240845,U519,2024-07-18T01:06:00,High value
240870,U574,2024-07-18T01:09:00,High value
240881,U634,2024-07-18T01:10:00,New vendor
240915,U887,2024-07-18T01:14:00,High value
240917,U417,2024-07-18T01:15:00,High value
240936,U522,2024-07-18T01:18:00,High value
240937,U563,2024-07-18T01:18:00,High value; New vendor
240945,U678,2024-07-18T01:19:00,High value
240949,U319,2024-07-18T01:20:00,New vendor
240955,U638,2024-07-18T01:20:00,New vendor
240974,U172,2024-07-18T01:22:00,High value
240988,U635,2024-07-18T01:23:00,High value
241001,U593,2024-07-18T01:25:00,New vendor
241012,U840,2024-07-18T01:26:00,New vendor
241036,U882,2024-07-18T01:29:00,High value
241084,U423,2024-07-18T01:34:00,New vendor
241085,U527,2024-07-18T01:34:00,New vendor
241086,U850,2024-07-18T01:34:00,New vendor
241091,U374,2024-07-18T01:35:00,High value; New vendor
241095,U470,2024-07-18T01:36:00,New vendor
241121,U912,2024-07-18T01:39:00,New vendor
241146,U489,2024-07-18T01:44:00,New vendor
241158,U118,2024-07-18T01:45:00,New vendor
241176,U835,2024-07-18T01:46:00,New vendor
241189,U013,2024-07-18T01:49:00,New vendor
241191,U343,2024-07-18T01:49:00,New vendor
241208,U394,2024-07-18T01:51:00,High value
241225,U494,2024-07-18T01:53:00,High value
241239,U731,2024-07-18T01:55:00,New vendor
241246,U586,2024-07-18T01:56:00,New vendor
241248,U887,2024-07-18T01:56:00,High value
241251,U416,2024-07-18T01:57:00,High value
241257,U934,2024-07-18T01:57:00,New vendor
241268,U784,2024-07-18T01:59:00,New vendor
241285,U027,2024-07-18T02:02:00,New vendor
241293,U233,2024-07-18T02:03:00,High value
241295,U320,2024-07-18T02:03:00,New vendor
241296,U368,2024-07-18T02:03:00,New vendor
241310,U399,2024-07-18T02:04:00,High value; New vendor
241319,U450,2024-07-18T02:05:00,New vendor
241321,U854,2024-07-18T02:05:00,New vendor
241332,U886,2024-07-18T02:06:00,High value; New vendor
241336,U281,2024-07-18T02:07:00,High value
241337,U472,2024-07-18T02:07:00,High value; New vendor
241348,U846,2024-07-18T02:09:00,High value
241415,U898,2024-07-18T02:18:00,New vendor
241419,U599,2024-07-18T02:19:00,New vendor
241435,U473,2024-07-18T02:21:00,New vendor
241438,U661,2024-07-18T02:21:00,High value
241443,U415,2024-07-18T02:22:00,New vendor
241446,U145,2024-07-18T02:23:00,High value
241448,U299,2024-07-18T02:23:00,New vendor
241451,U624,2024-07-18T02:23:00,New vendor
241485,U666,2024-07-18T02:27:00,New vendor
241488,U214,2024-07-18T02:28:00,High value
241513,U994,2024-07-18T02:30:00,New vendor
241536,U149,2024-07-18T02:34:00,New vendor
241559,U523,2024-07-18T02:36:00,High value
241560,U556,2024-07-18T02:36:00,High value
241577,U544,2024-07-18T02:39:00,High value; New vendor
241587,U403,2024-07-18T02:40:00,New vendor
241634,U822,2024-07-18T02:45:00,New vendor
241701,U734,2024-07-18T02:51:00,High value
241713,U358,2024-07-18T02:53:00,High value
241721,U369,2024-07-18T02:54:00,New vendor
241735,U849,2024-07-18T02:55:00,High value; New vendor
241738,U194,2024-07-18T02:56:00,New vendor
241744,U580,2024-07-18T02:56:00,New vendor
241757,U915,2024-07-18T02:57:00,High value
241812,U809,2024-07-18T03:04:00,New vendor
241853,U069,2024-07-18T03:09:00,High value; New vendor
241870,U895,2024-07-18T03:10:00,High value
241882,U928,2024-07-18T03:11:00,New vendor
241895,U614,2024-07-18T03:13:00,New vendor
241904,U415,2024-07-18T03:14:00,New vendor
241907,U665,2024-07-18T03:14:00,High value
241930,U237,2024-07-18T03:17:00,High value
241939,U350,2024-07-18T03:18:00,New vendor
241972,U533,2024-07-18T03:21:00,New vendor
242011,U602,2024-07-18T03:25:00,New vendor
242020,U119,2024-07-18T03:26:00,New vendor
242022,U161,2024-07-18T03:26:00,New vendor
242023,U202,2024-07-18T03:26:00,New vendor
242039,U990,2024-07-18T03:27:00,New vendor
242052,U134,2024-07-18T03:29:00,New vendor
242053,U313,2024-07-18T03:29:00,New vendor
242068,U299,2024-07-18T03:31:00,New vendor
242071,U828,2024-07-18T03:31:00,High value
242073,U268,2024-07-18T03:32:00,New vendor
242091,U854,2024-07-18T03:34:00,New vendor
242096,U558,2024-07-18T03:35:00,High value
242107,U355,2024-07-18T03:37:00,High value
242114,U498,2024-07-18T03:38:00,High value; New vendor
242130,U759,2024-07-18T03:40:00,High value; New vendor
242156,U524,2024-07-18T03:44:00,New vendor
242157,U525,2024-07-18T03:44:00,High value
242164,U642,2024-07-18T03:45:00,New vendor
242169,U039,2024-07-18T03:46:00,New vendor
242192,U076,2024-07-18T03:49:00,High value
242195,U313,2024-07-18T03:49:00,High value; New vendor
242197,U392,2024-07-18T03:49:00,New vendor
242200,U533,2024-07-18T03:49:00,New vendor
242210,U384,2024-07-18T03:50:00,New vendor
242217,U776,2024-07-18T03:51:00,High value
242218,U870,2024-07-18T03:51:00,New vendor
242225,U345,2024-07-18T03:53:00,New vendor
242232,U666,2024-07-18T03:54:00,New vendor
242235,U160,2024-07-18T03:55:00,New vendor
242270,U466,2024-07-18T03:59:00,New vendor
242271,U802,2024-07-18T03:59:00,New vendor
242292,U811,2024-07-18T04:02:00,New vendor
242299,U639,2024-07-18T04:03:00,High value
242304,U316,2024-07-18T04:04:00,High value
242319,U270,2024-07-18T04:06:00,High value
242343,U565,2024-07-18T04:08:00,High value
242348,U514,2024-07-18T04:09:00,High value
242350,U621,2024-07-18T04:09:00,New vendor
242369,U167,2024-07-18T04:11:00,New vendor
242378,U898,2024-07-18T04:11:00,New vendor
242388,U670,2024-07-18T04:12:00,New vendor
242411,U808,2024-07-18T04:15:00,New vendor
242428,U383,2024-07-18T04:17:00,High value
242452,U798,2024-07-18T04:19:00,New vendor
242456,U333,2024-07-18T04:20:00,New vendor
242466,U496,2024-07-18T04:21:00,New vendor
242469,U657,2024-07-18T04:21:00,High value
242490,U330,2024-07-18T04:24:00,High value
242491,U384,2024-07-18T04:24:00,High value; New vendor
242525,U280,2024-07-18T04:28:00,New vendor
242526,U418,2024-07-18T04:28:00,New vendor
242531,U781,2024-07-18T04:28:00,New vendor
242538,U464,2024-07-18T04:29:00,High value; New vendor
242556,U115,2024-07-18T04:31:00,High value; New vendor
242575,U448,2024-07-18T04:33:00,High value
242594,U436,2024-07-18T04:35:00,New vendor
242619,U783,2024-07-18T04:38:00,New vendor
242621,U251,2024-07-18T04:39:00,High value; New vendor
242641,U027,2024-07-18T04:42:00,New vendor
242677,U425,2024-07-18T04:46:00,High value
242697,U032,2024-07-18T04:49:00,New vendor
242716,U689,2024-07-18T04:50:00,High value
242757,U542,2024-07-18T04:56:00,New vendor
242771,U028,2024-07-18T04:58:00,High value
242779,U588,2024-07-18T04:58:00,New vendor
242803,U705,2024-07-18T05:01:00,New vendor
242835,U733,2024-07-18T05:05:00,High value
242839,U087,2024-07-18T05:06:00,New vendor
242852,U809,2024-07-18T05:06:00,New vendor
242878,U997,2024-07-18T05:09:00,High value
242893,U166,2024-07-18T05:12:00,New vendor
242908,U321,2024-07-18T05:13:00,High value
242913,U323,2024-07-18T05:14:00,New vendor
242914,U410,2024-07-18T05:14:00,High value
242919,U840,2024-07-18T05:14:00,New vendor
242928,U216,2024-07-18T05:16:00,New vendor
242929,U511,2024-07-18T05:16:00,New vendor
242939,U873,2024-07-18T05:17:00,High value; New vendor
242959,U921,2024-07-18T05:19:00,High value
242976,U815,2024-07-18T05:21:00,New vendor
243006,U780,2024-07-18T05:25:00,High value
243043,U666,2024-07-18T05:29:00,High value
243046,U301,2024-07-18T05:30:00,New vendor
243056,U259,2024-07-18T05:31:00,New vendor
243059,U972,2024-07-18T05:31:00,New vendor
243071,U205,2024-07-18T05:33:00,High value
243123,U082,2024-07-18T05:40:00,High value
243133,U303,2024-07-18T05:41:00,High value; New vendor
243187,U691,2024-07-18T05:47:00,New vendor
243189,U130,2024-07-18T05:48:00,New vendor
243194,U621,2024-07-18T05:48:00,New vendor
243195,U670,2024-07-18T05:48:00,New vendor
243197,U984,2024-07-18T05:48:00,New vendor
243223,U643,2024-07-18T05:52:00,New vendor
243252,U415,2024-07-18T05:56:00,New vendor
243258,U931,2024-07-18T05:56:00,High value
243265,U590,2024-07-18T05:57:00,New vendor
243305,U036,2024-07-18T06:03:00,High value
243324,U649,2024-07-18T06:05:00,New vendor
243331,U817,2024-07-18T06:06:00,New vendor
243371,U139,2024-07-18T06:11:00,New vendor
243408,U651,2024-07-18T06:16:00,High value
243440,U786,2024-07-18T06:20:00,New vendor
243445,U072,2024-07-18T06:21:00,High value
243455,U320,2024-07-18T06:22:00,New vendor
243461,U808,2024-07-18T06:22:00,New vendor
243483,U047,2024-07-18T06:25:00,High value; New vendor
243490,U514,2024-07-18T06:26:00,High value; New vendor
243495,U792,2024-07-18T06:26:00,New vendor
243516,U289,2024-07-18T06:30:00,New vendor
243544,U187,2024-07-18T06:33:00,New vendor
243552,U137,2024-07-18T06:34:00,New vendor
243556,U333,2024-07-18T06:34:00,New vendor
243560,U741,2024-07-18T06:34:00,New vendor
243562,U514,2024-07-18T06:35:00,High value
243566,U134,2024-07-18T06:36:00,New vendor
243571,U961,2024-07-18T06:36:00,High value; New vendor
243588,U616,2024-07-18T06:39:00,High value
243619,U624,2024-07-18T06:44:00,New vendor
243645,U115,2024-07-18T06:49:00,New vendor
243646,U220,2024-07-18T06:49:00,High value; New vendor
243650,U538,2024-07-18T06:49:00,High value
243657,U081,2024-07-18T06:50:00,High value
243724,U752,2024-07-18T06:59:00,High value
243739,U584,2024-07-18T07:01:00,New vendor
243746,U691,2024-07-18T07:02:00,New vendor
243749,U825,2024-07-18T07:02:00,High value
243752,U059,2024-07-18T07:03:00,High value
243755,U255,2024-07-18T07:03:00,New vendor
243760,U323,2024-07-18T07:04:00,New vendor
243780,U183,2024-07-18T07:06:00,High value
243783,U547,2024-07-18T07:06:00,New vendor
243787,U518,2024-07-18T07:07:00,High value
243788,U616,2024-07-18T07:07:00,High value
243795,U190,2024-07-18T07:08:00,New vendor
243800,U667,2024-07-18T07:08:00,New vendor
243825,U011,2024-07-18T07:11:00,New vendor
243831,U515,2024-07-18T07:11:00,High value; New vendor
243832,U693,2024-07-18T07:11:00,High value
243834,U952,2024-07-18T07:11:00,New vendor
243840,U291,2024-07-18T07:12:00,New vendor
243841,U406,2024-07-18T07:12:00,High value; New vendor
243855,U493,2024-07-18T07:14:00,High value
243873,U016,2024-07-18T07:16:00,New vendor
243882,U026,2024-07-18T07:17:00,New vendor
243892,U138,2024-07-18T07:18:00,High value
243893,U149,2024-07-18T07:18:00,High value; New vendor
243900,U994,2024-07-18T07:18:00,New vendor
243941,U684,2024-07-18T07:23:00,New vendor
243946,U335,2024-07-18T07:24:00,High value; New vendor
243953,U492,2024-07-18T07:25:00,High value
243964,U502,2024-07-18T07:27:00,High value
243970,U982,2024-07-18T07:27:00,High value
244006,U837,2024-07-18T07:32:00,New vendor
244035,U935,2024-07-18T07:35:00,High value
244037,U335,2024-07-18T07:36:00,New vendor
244038,U611,2024-07-18T07:36:00,New vendor
244052,U205,2024-07-18T07:38:00,High value
244077,U405,2024-07-18T07:42:00,New vendor
244084,U271,2024-07-18T07:43:00,High value
244091,U095,2024-07-18T07:44:00,High value
244097,U815,2024-07-18T07:44:00,New vendor
244136,U366,2024-07-18T07:50:00,New vendor
244148,U743,2024-07-18T07:51:00,High value
244156,U699,2024-07-18T07:52:00,New vendor
244161,U359,2024-07-18T07:53:00,New vendor
244167,U104,2024-07-18T07:54:00,New vendor
244169,U192,2024-07-18T07:54:00,High value
244170,U662,2024-07-18T07:54:00,High value
244171,U671,2024-07-18T07:54:00,New vendor
244176,U234,2024-07-18T07:55:00,High value
244189,U071,2024-07-18T07:57:00,New vendor
244194,U815,2024-07-18T07:57:00,New vendor
244205,U699,2024-07-18T07:58:00,New vendor
244207,U732,2024-07-18T07:58:00,New vendor
244214,U660,2024-07-18T07:59:00,New vendor
244215,U764,2024-07-18T07:59:00,New vendor
244245,U223,2024-07-18T08:03:00,New vendor
244251,U821,2024-07-18T08:03:00,New vendor
244275,U686,2024-07-18T08:07:00,High value
244349,U667,2024-07-18T08:15:00,New vendor
244368,U186,2024-07-18T08:18:00,New vendor
244370,U553,2024-07-18T08:18:00,High value; New vendor
244389,U615,2024-07-18T08:20:00,High value
244393,U190,2024-07-18T08:21:00,New vendor
244463,U401,2024-07-18T08:29:00,New vendor
244491,U551,2024-07-18T08:33:00,New vendor
244494,U611,2024-07-18T08:33:00,New vendor
244499,U376,2024-07-18T08:34:00,High value
244505,U426,2024-07-18T08:35:00,High value
244528,U474,2024-07-18T08:38:00,New vendor
244529,U597,2024-07-18T08:38:00,New vendor
244542,U942,2024-07-18T08:39:00,High value
244544,U243,2024-07-18T08:40:00,New vendor
244554,U587,2024-07-18T08:41:00,New vendor
244577,U994,2024-07-18T08:43:00,New vendor
244585,U867,2024-07-18T08:44:00,High value
244630,U451,2024-07-18T08:50:00,New vendor
244647,U593,2024-07-18T08:52:00,New vendor
244652,U284,2024-07-18T08:53:00,High value; New vendor
244654,U912,2024-07-18T08:53:00,New vendor
244671,U237,2024-07-18T08:56:00,High value
244680,U248,2024-07-18T08:57:00,High value
244684,U269,2024-07-18T08:58:00,New vendor
244685,U281,2024-07-18T08:58:00,High value
244712,U166,2024-07-18T09:02:00,New vendor
244724,U780,2024-07-18T09:03:00,New vendor
244725,U059,2024-07-18T09:04:00,New vendor
244734,U710,2024-07-18T09:04:00,New vendor
244739,U335,2024-07-18T09:05:00,New vendor
244740,U380,2024-07-18T09:05:00,New vendor
244748,U199,2024-07-18T09:06:00,New vendor
244763,U865,2024-07-18T09:07:00,High value
244777,U056,2024-07-18T09:09:00,High value
244782,U781,2024-07-18T09:09:00,New vendor
244801,U424,2024-07-18T09:12:00,New vendor
244820,U961,2024-07-18T09:14:00,High value; New vendor
244822,U212,2024-07-18T09:15:00,New vendor
244851,U565,2024-07-18T09:19:00,New vendor
244852,U673,2024-07-18T09:19:00,High value
244855,U253,2024-07-18T09:20:00,High value
244860,U075,2024-07-18T09:21:00,New vendor
244899,U309,2024-07-18T09:25:00,New vendor
244912,U366,2024-07-18T09:27:00,New vendor
244914,U070,2024-07-18T09:28:00,High value
244923,U009,2024-07-18T09:29:00,New vendor
244929,U250,2024-07-18T09:30:00,High value
244970,U345,2024-07-18T09:35:00,New vendor
244982,U964,2024-07-18T09:36:00,High value
244986,U584,2024-07-18T09:37:00,New vendor
244997,U265,2024-07-18T09:39:00,New vendor
245009,U661,2024-07-18T09:40:00,High value
245029,U566,2024-07-18T09:42:00,New vendor
245039,U231,2024-07-18T09:44:00,New vendor
245047,U335,2024-07-18T09:45:00,New vendor
245057,U764,2024-07-18T09:45:00,High value
245076,U223,2024-07-18T09:47:00,High value; New vendor
245112,U382,2024-07-18T09:51:00,New vendor
245115,U607,2024-07-18T09:51:00,New vendor
245122,U327,2024-07-18T09:52:00,New vendor
245126,U602,2024-07-18T09:52:00,New vendor
245137,U448,2024-07-18T09:54:00,New vendor
245140,U500,2024-07-18T09:54:00,New vendor
245153,U720,2024-07-18T09:56:00,High value
245161,U464,2024-07-18T09:57:00,New vendor
245170,U335,2024-07-18T09:58:00,High value
245187,U426,2024-07-18T10:00:00,New vendor
245191,U890,2024-07-18T10:00:00,High value
245195,U382,2024-07-18T10:01:00,New vendor
245199,U076,2024-07-18T10:02:00,New vendor
245205,U737,2024-07-18T10:02:00,High value
245209,U080,2024-07-18T10:03:00,New vendor
245219,U296,2024-07-18T10:04:00,High value
245240,U505,2024-07-18T10:06:00,New vendor
245251,U787,2024-07-18T10:08:00,New vendor
245255,U105,2024-07-18T10:09:00,High value
245256,U285,2024-07-18T10:09:00,High value; New vendor
245270,U614,2024-07-18T10:11:00,High value; New vendor
245276,U223,2024-07-18T10:12:00,New vendor
245337,U670,2024-07-18T10:19:00,New vendor
245340,U065,2024-07-18T10:20:00,High value
245360,U873,2024-07-18T10:21:00,High value; New vendor
245370,U027,2024-07-18T10:23:00,New vendor
245380,U896,2024-07-18T10:24:00,High value
245400,U310,2024-07-18T10:27:00,High value
245408,U300,2024-07-18T10:28:00,High value
245410,U320,2024-07-18T10:28:00,New vendor
245412,U666,2024-07-18T10:28:00,New vendor
245421,U821,2024-07-18T10:29:00,New vendor
245422,U857,2024-07-18T10:29:00,New vendor
245429,U500,2024-07-18T10:30:00,New vendor
245433,U892,2024-07-18T10:30:00,New vendor
245436,U730,2024-07-18T10:31:00,New vendor
245437,U925,2024-07-18T10:31:00,New vendor
245481,U778,2024-07-18T10:36:00,New vendor
245485,U643,2024-07-18T10:37:00,High value; New vendor
245486,U039,2024-07-18T10:38:00,New vendor
245488,U306,2024-07-18T10:38:00,High value
245490,U493,2024-07-18T10:38:00,High value
245496,U032,2024-07-18T10:39:00,High value; New vendor
245508,U461,2024-07-18T10:40:00,High value; New vendor
245516,U883,2024-07-18T10:41:00,New vendor
245517,U012,2024-07-18T10:42:00,New vendor
245532,U228,2024-07-18T10:43:00,New vendor
245556,U695,2024-07-18T10:45:00,High value; New vendor
245560,U258,2024-07-18T10:46:00,High value
245575,U610,2024-07-18T10:47:00,High value
245578,U315,2024-07-18T10:48:00,High value
245594,U621,2024-07-18T10:49:00,New vendor
245597,U059,2024-07-18T10:50:00,High value
245600,U555,2024-07-18T10:50:00,New vendor
245605,U042,2024-07-18T10:51:00,New vendor
245620,U565,2024-07-18T10:52:00,High value; New vendor
245630,U296,2024-07-18T10:54:00,New vendor
245639,U423,2024-07-18T10:55:00,High value; New vendor
245652,U873,2024-07-18T10:56:00,New vendor
245654,U196,2024-07-18T10:57:00,New vendor
245657,U414,2024-07-18T10:57:00,New vendor
245682,U936,2024-07-18T11:00:00,New vendor
245705,U593,2024-07-18T11:04:00,New vendor
245725,U665,2024-07-18T11:06:00,High value; New vendor
245738,U540,2024-07-18T11:08:00,High value
245743,U124,2024-07-18T11:09:00,High value
245748,U732,2024-07-18T11:09:00,High value; New vendor
245752,U042,2024-07-18T11:10:00,New vendor
245775,U928,2024-07-18T11:12:00,New vendor
245776,U134,2024-07-18T11:13:00,New vendor
245778,U241,2024-07-18T11:13:00,New vendor
245779,U327,2024-07-18T11:13:00,High value; New vendor
245780,U404,2024-07-18T11:13:00,High value
245817,U953,2024-07-18T11:16:00,High value
245833,U611,2024-07-18T11:18:00,New vendor
245868,U151,2024-07-18T11:23:00,High value
245870,U344,2024-07-18T11:23:00,High value; New vendor
245887,U652,2024-07-18T11:25:00,New vendor
245889,U800,2024-07-18T11:25:00,New vendor
245893,U035,2024-07-18T11:26:00,High value
245906,U127,2024-07-18T11:27:00,High value; New vendor
245912,U587,2024-07-18T11:27:00,New vendor
245942,U862,2024-07-18T11:30:00,New vendor
245961,U319,2024-07-18T11:33:00,New vendor
245963,U559,2024-07-18T11:33:00,New vendor
245967,U499,2024-07-18T11:34:00,High value
245985,U842,2024-07-18T11:36:00,New vendor
245996,U352,2024-07-18T11:38:00,High value
246009,U966,2024-07-18T11:39:00,New vendor
246026,U507,2024-07-18T11:42:00,New vendor
246053,U123,2024-07-18T11:46:00,New vendor
246057,U613,2024-07-18T11:46:00,New vendor
246058,U678,2024-07-18T11:46:00,High value; New vendor
246073,U430,2024-07-18T11:48:00,New vendor
246077,U337,2024-07-18T11:49:00,High value
246082,U814,2024-07-18T11:49:00,High value
246096,U793,2024-07-18T11:52:00,High value
246098,U029,2024-07-18T11:53:00,New vendor
246105,U755,2024-07-18T11:53:00,New vendor
246119,U202,2024-07-18T11:55:00,New vendor
246136,U367,2024-07-18T11:57:00,New vendor
246138,U439,2024-07-18T11:57:00,High value
246139,U450,2024-07-18T11:57:00,New vendor
246142,U652,2024-07-18T11:57:00,New vendor
246175,U206,2024-07-18T12:02:00,New vendor
246179,U380,2024-07-18T12:02:00,New vendor
246184,U020,2024-07-18T12:03:00,New vendor
246194,U100,2024-07-18T12:04:00,New vendor
246206,U464,2024-07-18T12:05:00,New vendor
246219,U703,2024-07-18T12:06:00,High value
246221,U201,2024-07-18T12:07:00,High value
246224,U399,2024-07-18T12:07:00,High value; New vendor
246233,U048,2024-07-18T12:08:00,High value; New vendor
246253,U081,2024-07-18T12:10:00,High value
246260,U282,2024-07-18T12:11:00,High value
246261,U465,2024-07-18T12:11:00,New vendor
246266,U957,2024-07-18T12:11:00,High value
246278,U136,2024-07-18T12:13:00,New vendor
246308,U861,2024-07-18T12:15:00,New vendor
246310,U128,2024-07-18T12:16:00,New vendor
246314,U246,2024-07-18T12:16:00,High value
246317,U524,2024-07-18T12:16:00,New vendor
246320,U800,2024-07-18T12:16:00,New vendor
246322,U012,2024-07-18T12:17:00,New vendor
246329,U105,2024-07-18T12:18:00,High value
246337,U494,2024-07-18T12:19:00,High value
246339,U649,2024-07-18T12:19:00,New vendor
246340,U768,2024-07-18T12:19:00,High value; New vendor
246344,U252,2024-07-18T12:20:00,High value
246353,U055,2024-07-18T12:21:00,High value
246358,U350,2024-07-18T12:21:00,New vendor
246368,U485,2024-07-18T12:22:00,New vendor
246378,U071,2024-07-18T12:24:00,New vendor
246412,U826,2024-07-18T12:28:00,High value; New vendor
246424,U753,2024-07-18T12:29:00,New vendor
246451,U763,2024-07-18T12:32:00,High value; New vendor
246467,U284,2024-07-18T12:34:00,New vendor
246490,U296,2024-07-18T12:36:00,New vendor
246497,U197,2024-07-18T12:37:00,High value
246517,U716,2024-07-18T12:39:00,High value
246528,U133,2024-07-18T12:41:00,High value
246529,U288,2024-07-18T12:41:00,New vendor
246546,U601,2024-07-18T12:43:00,New vendor
246549,U731,2024-07-18T12:43:00,New vendor
246588,U125,2024-07-18T12:48:00,High value
246613,U835,2024-07-18T12:51:00,New vendor
246617,U952,2024-07-18T12:52:00,High value; New vendor
246632,U531,2024-07-18T12:54:00,New vendor
246642,U503,2024-07-18T12:55:00,New vendor
246658,U776,2024-07-18T12:58:00,High value
246662,U238,2024-07-18T12:59:00,High value
246703,U127,2024-07-18T13:05:00,High value
246713,U387,2024-07-18T13:06:00,New vendor
246717,U480,2024-07-18T13:06:00,High value
246720,U531,2024-07-18T13:06:00,High value
246736,U414,2024-07-18T13:08:00,New vendor
246741,U055,2024-07-18T13:09:00,High value
246747,U496,2024-07-18T13:09:00,High value
246758,U498,2024-07-18T13:10:00,High value; New vendor
246766,U045,2024-07-18T13:11:00,High value
246813,U816,2024-07-18T13:16:00,New vendor
246821,U218,2024-07-18T13:17:00,High value
246839,U670,2024-07-18T13:20:00,New vendor
246849,U895,2024-07-18T13:21:00,High value
246877,U004,2024-07-18T13:26:00,High value
246898,U261,2024-07-18T13:28:00,High value; New vendor
246906,U187,2024-07-18T13:29:00,High value; New vendor
246915,U229,2024-07-18T13:30:00,New vendor
246939,U275,2024-07-18T13:34:00,High value; New vendor
246942,U519,2024-07-18T13:34:00,High value
246963,U570,2024-07-18T13:37:00,New vendor
246989,U994,2024-07-18T13:40:00,New vendor
246998,U032,2024-07-18T13:42:00,High value; New vendor
247003,U672,2024-07-18T13:42:00,High value; New vendor
247007,U188,2024-07-18T13:43:00,New vendor
247021,U596,2024-07-18T13:45:00,High value
247046,U985,2024-07-18T13:47:00,New vendor
247051,U951,2024-07-18T13:48:00,High value
247066,U857,2024-07-18T13:50:00,New vendor
247117,U451,2024-07-18T13:57:00,New vendor
247119,U734,2024-07-18T13:57:00,High value; New vendor
247159,U486,2024-07-18T14:02:00,High value
247161,U784,2024-07-18T14:02:00,New vendor
247164,U515,2024-07-18T14:03:00,New vendor
247168,U924,2024-07-18T14:03:00,New vendor
247174,U597,2024-07-18T14:04:00,New vendor
247196,U918,2024-07-18T14:06:00,New vendor
247216,U662,2024-07-18T14:09:00,High value
247256,U383,2024-07-18T14:14:00,New vendor
247268,U813,2024-07-18T14:15:00,New vendor
247270,U927,2024-07-18T14:15:00,New vendor
247273,U526,2024-07-18T14:16:00,New vendor
247275,U651,2024-07-18T14:16:00,High value; New vendor
247279,U711,2024-07-18T14:16:00,New vendor
247295,U383,2024-07-18T14:19:00,New vendor
247315,U130,2024-07-18T14:22:00,New vendor
247336,U358,2024-07-18T14:25:00,New vendor
247345,U567,2024-07-18T14:26:00,High value
247395,U145,2024-07-18T14:33:00,High value
247418,U384,2024-07-18T14:36:00,New vendor
247421,U563,2024-07-18T14:36:00,New vendor
247426,U401,2024-07-18T14:37:00,New vendor
247435,U120,2024-07-18T14:38:00,New vendor
247439,U046,2024-07-18T14:39:00,High value
247443,U251,2024-07-18T14:39:00,New vendor
247444,U327,2024-07-18T14:39:00,New vendor
247464,U878,2024-07-18T14:41:00,New vendor
247477,U410,2024-07-18T14:43:00,New vendor
247478,U414,2024-07-18T14:43:00,New vendor
247492,U893,2024-07-18T14:45:00,New vendor
247497,U601,2024-07-18T14:46:00,New vendor
247508,U040,2024-07-18T14:48:00,High value
247556,U397,2024-07-18T14:53:00,New vendor
247559,U105,2024-07-18T14:54:00,High value
247560,U126,2024-07-18T14:54:00,New vendor
247565,U475,2024-07-18T14:54:00,New vendor
247576,U503,2024-07-18T14:55:00,New vendor
247585,U657,2024-07-18T14:56:00,New vendor
247595,U923,2024-07-18T14:57:00,New vendor
247602,U741,2024-07-18T14:58:00,High value; New vendor
247605,U223,2024-07-18T14:59:00,High value
247611,U489,2024-07-18T15:00:00,New vendor
247628,U734,2024-07-18T15:02:00,New vendor
247639,U028,2024-07-18T15:04:00,High value
247640,U158,2024-07-18T15:04:00,New vendor
247644,U667,2024-07-18T15:04:00,New vendor
247653,U618,2024-07-18T15:05:00,New vendor
247662,U862,2024-07-18T15:06:00,High value
247670,U399,2024-07-18T15:08:00,New vendor
247680,U695,2024-07-18T15:09:00,New vendor
247681,U977,2024-07-18T15:09:00,New vendor
247694,U074,2024-07-18T15:11:00,New vendor
247695,U261,2024-07-18T15:11:00,High value; New vendor
247698,U745,2024-07-18T15:11:00,High value
247759,U503,2024-07-18T15:18:00,New vendor
247776,U254,2024-07-18T15:20:00,New vendor
247796,U042,2024-07-18T15:22:00,New vendor
247803,U648,2024-07-18T15:22:00,New vendor
247804,U663,2024-07-18T15:22:00,New vendor
247806,U812,2024-07-18T15:22:00,High value
247818,U193,2024-07-18T15:24:00,New vendor
247841,U717,2024-07-18T15:27:00,High value
247844,U003,2024-07-18T15:28:00,New vendor
247857,U301,2024-07-18T15:30:00,New vendor
247874,U457,2024-07-18T15:32:00,New vendor
247877,U284,2024-07-18T15:33:00,New vendor
247893,U507,2024-07-18T15:36:00,New vendor
247896,U705,2024-07-18T15:36:00,New vendor
247909,U523,2024-07-18T15:38:00,High value; New vendor
247921,U332,2024-07-18T15:40:00,New vendor
247925,U891,2024-07-18T15:40:00,High value
247930,U475,2024-07-18T15:41:00,High value
247934,U671,2024-07-18T15:41:00,High value; New vendor
247962,U578,2024-07-18T15:45:00,New vendor
247965,U041,2024-07-18T15:46:00,New vendor
247979,U518,2024-07-18T15:47:00,High value
247980,U695,2024-07-18T15:47:00,New vendor
247986,U140,2024-07-18T15:48:00,New vendor
247988,U243,2024-07-18T15:48:00,New vendor
247995,U211,2024-07-18T15:49:00,New vendor
248020,U588,2024-07-18T15:52:00,High value
248041,U633,2024-07-18T15:54:00,High value
248057,U616,2024-07-18T15:56:00,High value
248077,U702,2024-07-18T15:58:00,New vendor
248080,U283,2024-07-18T15:59:00,New vendor
248087,U029,2024-07-18T16:00:00,New vendor
248104,U178,2024-07-18T16:02:00,New vendor
248116,U532,2024-07-18T16:03:00,High value
248124,U167,2024-07-18T16:05:00,High value
248128,U598,2024-07-18T16:05:00,High value
248134,U809,2024-07-18T16:06:00,New vendor
248135,U1000,2024-07-18T16:06:00,New vendor
248173,U754,2024-07-18T16:11:00,New vendor
248177,U465,2024-07-18T16:12:00,New vendor
248194,U653,2024-07-18T16:14:00,High value
248216,U515,2024-07-18T16:17:00,New vendor
248218,U555,2024-07-18T16:17:00,New vendor
248226,U556,2024-07-18T16:18:00,High value
248282,U400,2024-07-18T16:25:00,New vendor
248284,U513,2024-07-18T16:25:00,High value
248286,U599,2024-07-18T16:25:00,New vendor
248309,U364,2024-07-18T16:28:00,New vendor
248321,U120,2024-07-18T16:30:00,New vendor
248326,U514,2024-07-18T16:31:00,High value; New vendor
248333,U657,2024-07-18T16:32:00,New vendor
248344,U598,2024-07-18T16:33:00,High value
248364,U747,2024-07-18T16:35:00,New vendor
248373,U868,2024-07-18T16:36:00,High value
248380,U429,2024-07-18T16:37:00,New vendor
248381,U604,2024-07-18T16:37:00,New vendor
248399,U283,2024-07-18T16:39:00,New vendor
248406,U048,2024-07-18T16:40:00,New vendor
248415,U534,2024-07-18T16:42:00,High value
248437,U796,2024-07-18T16:45:00,High value
248441,U494,2024-07-18T16:46:00,High value
248467,U020,2024-07-18T16:50:00,New vendor
248491,U874,2024-07-18T16:52:00,New vendor
248499,U741,2024-07-18T16:53:00,New vendor
248509,U458,2024-07-18T16:55:00,New vendor
248511,U593,2024-07-18T16:55:00,New vendor
248513,U771,2024-07-18T16:55:00,High value
248515,U959,2024-07-18T16:55:00,New vendor
248517,U231,2024-07-18T16:56:00,High value
248556,U472,2024-07-18T17:00:00,New vendor
248563,U810,2024-07-18T17:00:00,High value
248574,U934,2024-07-18T17:02:00,High value; New vendor
248583,U358,2024-07-18T17:03:00,New vendor
248584,U407,2024-07-18T17:03:00,New vendor
248587,U966,2024-07-18T17:03:00,New vendor
248600,U376,2024-07-18T17:05:00,New vendor
248605,U830,2024-07-18T17:05:00,High value
248670,U063,2024-07-18T17:13:00,New vendor
248704,U474,2024-07-18T17:17:00,New vendor
248721,U384,2024-07-18T17:20:00,High value; New vendor
248724,U893,2024-07-18T17:20:00,New vendor
248744,U347,2024-07-18T17:22:00,High value
248746,U596,2024-07-18T17:22:00,High value; New vendor
248762,U625,2024-07-18T17:24:00,High value; New vendor
248773,U641,2024-07-18T17:25:00,New vendor
248775,U607,2024-07-18T17:26:00,High value
248779,U535,2024-07-18T17:27:00,High value
248783,U193,2024-07-18T17:28:00,New vendor
248791,U155,2024-07-18T17:29:00,High value
248804,U415,2024-07-18T17:31:00,New vendor
248828,U511,2024-07-18T17:33:00,New vendor
248845,U414,2024-07-18T17:35:00,High value; New vendor
248862,U407,2024-07-18T17:37:00,New vendor
248866,U641,2024-07-18T17:37:00,New vendor
248879,U763,2024-07-18T17:39:00,New vendor
248901,U447,2024-07-18T17:42:00,New vendor
248907,U089,2024-07-18T17:43:00,High value
248911,U557,2024-07-18T17:43:00,New vendor
248913,U854,2024-07-18T17:43:00,High value; New vendor
248942,U037,2024-07-18T17:48:00,High value; New vendor
248968,U391,2024-07-18T17:51:00,New vendor
248983,U624,2024-07-18T17:52:00,High value
248984,U816,2024-07-18T17:52:00,New vendor
248985,U888,2024-07-18T17:52:00,High value
248989,U248,2024-07-18T17:54:00,High value
248994,U387,2024-07-18T17:54:00,New vendor
249003,U283,2024-07-18T17:56:00,New vendor
249011,U270,2024-07-18T17:57:00,High value
249022,U290,2024-07-18T17:59:00,New vendor
249045,U532,2024-07-18T18:02:00,New vendor
249067,U826,2024-07-18T18:04:00,New vendor
249078,U836,2024-07-18T18:06:00,New vendor
249079,U887,2024-07-18T18:06:00,High value
249084,U364,2024-07-18T18:07:00,New vendor
249091,U234,2024-07-18T18:08:00,High value
249100,U117,2024-07-18T18:09:00,New vendor
249102,U518,2024-07-18T18:09:00,High value
249124,U723,2024-07-18T18:12:00,High value
249136,U906,2024-07-18T18:13:00,High value
249145,U854,2024-07-18T18:14:00,New vendor
249171,U131,2024-07-18T18:18:00,New vendor
249187,U661,2024-07-18T18:20:00,New vendor
249206,U515,2024-07-18T18:23:00,New vendor
249235,U402,2024-07-18T18:28:00,New vendor
249237,U490,2024-07-18T18:28:00,New vendor
249245,U115,2024-07-18T18:29:00,High value
249257,U327,2024-07-18T18:31:00,New vendor
249269,U069,2024-07-18T18:33:00,New vendor
249276,U802,2024-07-18T18:33:00,New vendor
249288,U959,2024-07-18T18:34:00,New vendor
249290,U107,2024-07-18T18:36:00,New vendor
249294,U288,2024-07-18T18:36:00,High value
249300,U811,2024-07-18T18:36:00,New vendor
249325,U209,2024-07-18T18:40:00,New vendor
249372,U424,2024-07-18T18:45:00,New vendor
249381,U324,2024-07-18T18:47:00,High value
249394,U661,2024-07-18T18:49:00,New vendor
249401,U456,2024-07-18T18:50:00,New vendor
249410,U607,2024-07-18T18:51:00,New vendor
249421,U099,2024-07-18T18:53:00,New vendor
249426,U828,2024-07-18T18:53:00,High value; New vendor
249429,U847,2024-07-18T18:53:00,New vendor
249434,U963,2024-07-18T18:54:00,High value
249439,U092,2024-07-18T18:56:00,New vendor
249445,U332,2024-07-18T18:56:00,New vendor
249448,U540,2024-07-18T18:56:00,High value
249464,U608,2024-07-18T18:59:00,New vendor
249484,U452,2024-07-18T19:01:00,High value; New vendor
249486,U532,2024-07-18T19:01:00,New vendor
249489,U944,2024-07-18T19:01:00,New vendor
249491,U599,2024-07-18T19:02:00,New vendor
249501,U036,2024-07-18T19:04:00,High value
249508,U352,2024-07-18T19:04:00,High value
249518,U047,2024-07-18T19:05:00,New vendor
249523,U450,2024-07-18T19:05:00,High value
249533,U408,2024-07-18T19:06:00,High value
249550,U215,2024-07-18T19:08:00,New vendor
249578,U116,2024-07-18T19:13:00,New vendor
249607,U063,2024-07-18T19:16:00,High value
249611,U597,2024-07-18T19:16:00,New vendor
249621,U223,2024-07-18T19:18:00,New vendor
249633,U029,2024-07-18T19:20:00,High value
249655,U225,2024-07-18T19:22:00,New vendor
249663,U327,2024-07-18T19:23:00,New vendor
249671,U515,2024-07-18T19:24:00,New vendor
249675,U251,2024-07-18T19:25:00,New vendor
249691,U220,2024-07-18T19:27:00,High value; New vendor
249699,U271,2024-07-18T19:28:00,High value
249703,U465,2024-07-18T19:28:00,New vendor
249709,U008,2024-07-18T19:29:00,High value
249710,U016,2024-07-18T19:29:00,New vendor
249737,U231,2024-07-18T19:33:00,New vendor
249748,U479,2024-07-18T19:34:00,New vendor
249752,U832,2024-07-18T19:34:00,High value
249763,U389,2024-07-18T19:36:00,New vendor
249817,U684,2024-07-18T19:42:00,New vendor
249834,U358,2024-07-18T19:46:00,High value; New vendor
249837,U687,2024-07-18T19:46:00,High value
249848,U267,2024-07-18T19:48:00,High value
249853,U816,2024-07-18T19:48:00,New vendor
249862,U884,2024-07-18T19:49:00,High value
249889,U666,2024-07-18T19:53:00,New vendor
249904,U689,2024-07-18T19:55:00,High value
249905,U703,2024-07-18T19:55:00,New vendor
249923,U923,2024-07-18T19:57:00,New vendor
249950,U156,2024-07-18T20:02:00,High value
249980,U710,2024-07-18T20:05:00,New vendor
249992,U723,2024-07-18T20:06:00,High value
250018,U502,2024-07-18T20:10:00,New vendor
250021,U862,2024-07-18T20:10:00,High value; New vendor
250022,U903,2024-07-18T20:10:00,New vendor
250025,U136,2024-07-18T20:11:00,High value
250031,U788,2024-07-18T20:11:00,New vendor
250039,U746,2024-07-18T20:12:00,High value
250041,U424,2024-07-18T20:13:00,New vendor
250046,U487,2024-07-18T20:14:00,New vendor
250067,U117,2024-07-18T20:17:00,High value; New vendor
250084,U816,2024-07-18T20:18:00,New vendor
250100,U301,2024-07-18T20:21:00,New vendor
250101,U305,2024-07-18T20:21:00,High value
250110,U503,2024-07-18T20:22:00,New vendor
250131,U178,2024-07-18T20:25:00,New vendor
250141,U251,2024-07-18T20:26:00,High value
250166,U821,2024-07-18T20:28:00,New vendor
250168,U316,2024-07-18T20:29:00,High value
250175,U243,2024-07-18T20:30:00,New vendor
250183,U177,2024-07-18T20:31:00,High value
250185,U378,2024-07-18T20:31:00,New vendor
250206,U182,2024-07-18T20:33:00,High value
250207,U212,2024-07-18T20:33:00,High value; New vendor
250216,U843,2024-07-18T20:34:00,New vendor
250238,U763,2024-07-18T20:37:00,New vendor
250243,U467,2024-07-18T20:38:00,High value
250258,U451,2024-07-18T20:40:00,New vendor
250314,U218,2024-07-18T20:47:00,High value
250319,U837,2024-07-18T20:47:00,New vendor
250343,U735,2024-07-18T20:51:00,New vendor
250357,U825,2024-07-18T20:52:00,High value
250359,U063,2024-07-18T20:53:00,New vendor
250360,U092,2024-07-18T20:53:00,New vendor
250363,U771,2024-07-18T20:53:00,High value
250373,U596,2024-07-18T20:54:00,New vendor
250377,U215,2024-07-18T20:55:00,New vendor
250378,U376,2024-07-18T20:55:00,New vendor
250383,U639,2024-07-18T20:55:00,New vendor
250386,U903,2024-07-18T20:55:00,New vendor
250408,U599,2024-07-18T20:59:00,New vendor
250411,U957,2024-07-18T20:59:00,High value
250416,U482,2024-07-18T21:00:00,New vendor
250417,U561,2024-07-18T21:00:00,New vendor
250439,U708,2024-07-18T21:02:00,New vendor
250470,U367,2024-07-18T21:07:00,High value; New vendor
250482,U019,2024-07-18T21:09:00,High value
250497,U092,2024-07-18T21:11:00,High value; New vendor
250498,U116,2024-07-18T21:11:00,New vendor
250511,U832,2024-07-18T21:12:00,High value
250550,U505,2024-07-18T21:18:00,New vendor
250561,U566,2024-07-18T21:19:00,New vendor
250567,U179,2024-07-18T21:20:00,New vendor
250573,U124,2024-07-18T21:21:00,High value
250575,U540,2024-07-18T21:21:00,High value
250576,U589,2024-07-18T21:21:00,New vendor
250586,U763,2024-07-18T21:22:00,New vendor
250593,U590,2024-07-18T21:23:00,New vendor
250598,U156,2024-07-18T21:24:00,New vendor
250607,U649,2024-07-18T21:25:00,High value
250611,U223,2024-07-18T21:26:00,High value; New vendor
250613,U335,2024-07-18T21:26:00,New vendor
250618,U602,2024-07-18T21:26:00,New vendor
250638,U356,2024-07-18T21:29:00,High value
250656,U429,2024-07-18T21:31:00,New vendor
250661,U898,2024-07-18T21:31:00,New vendor
250670,U954,2024-07-18T21:32:00,High value; New vendor
250677,U903,2024-07-18T21:33:00,New vendor
250689,U152,2024-07-18T21:35:00,High value
250714,U028,2024-07-18T21:38:00,High value
250722,U933,2024-07-18T21:38:00,New vendor
250723,U116,2024-07-18T21:39:00,High value
250726,U435,2024-07-18T21:39:00,New vendor
250756,U535,2024-07-18T21:43:00,High value
250760,U730,2024-07-18T21:43:00,New vendor
250783,U358,2024-07-18T21:47:00,High value
250799,U470,2024-07-18T21:49:00,New vendor
250815,U210,2024-07-18T21:51:00,New vendor
250862,U947,2024-07-18T21:57:00,High value
250865,U122,2024-07-18T21:58:00,New vendor
250873,U128,2024-07-18T21:59:00,New vendor
250880,U856,2024-07-18T21:59:00,High value
250881,U871,2024-07-18T21:59:00,High value
250888,U604,2024-07-18T22:00:00,New vendor
250890,U811,2024-07-18T22:00:00,High value; New vendor
250903,U809,2024-07-18T22:02:00,New vendor
250910,U456,2024-07-18T22:03:00,New vendor
250918,U234,2024-07-18T22:04:00,High value
250946,U430,2024-07-18T22:07:00,New vendor
250957,U376,2024-07-18T22:09:00,High value; New vendor
250975,U473,2024-07-18T22:11:00,New vendor
250979,U671,2024-07-18T22:11:00,High value
250985,U741,2024-07-18T22:12:00,High value
251004,U263,2024-07-18T22:14:00,New vendor
251022,U039,2024-07-18T22:16:00,New vendor
251043,U571,2024-07-18T22:18:00,High value; New vendor
251052,U458,2024-07-18T22:19:00,High value
251087,U523,2024-07-18T22:23:00,New vendor
251090,U155,2024-07-18T22:24:00,High value
251095,U127,2024-07-18T22:25:00,High value
251103,U602,2024-07-18T22:25:00,New vendor
251105,U652,2024-07-18T22:25:00,High value
251111,U069,2024-07-18T22:26:00,High value
251126,U499,2024-07-18T22:28:00,High value
251131,U887,2024-07-18T22:28:00,High value
251133,U930,2024-07-18T22:28:00,High value
251139,U641,2024-07-18T22:29:00,High value
251142,U788,2024-07-18T22:29:00,New vendor
251143,U047,2024-07-18T22:30:00,High value
251151,U896,2024-07-18T22:30:00,High value
251164,U652,2024-07-18T22:32:00,New vendor
251168,U784,2024-07-18T22:33:00,New vendor
251174,U025,2024-07-18T22:35:00,New vendor
251175,U179,2024-07-18T22:35:00,New vendor
251190,U168,2024-07-18T22:37:00,New vendor
251194,U760,2024-07-18T22:37:00,New vendor
251201,U599,2024-07-18T22:38:00,New vendor
251205,U837,2024-07-18T22:38:00,New vendor
251210,U359,2024-07-18T22:39:00,New vendor
251219,U029,2024-07-18T22:40:00,High value; New vendor
251231,U124,2024-07-18T22:41:00,High value
251233,U201,2024-07-18T22:41:00,High value
251250,U294,2024-07-18T22:44:00,High value
251254,U695,2024-07-18T22:44:00,New vendor
251273,U390,2024-07-18T22:47:00,High value
251277,U595,2024-07-18T22:47:00,New vendor
251279,U896,2024-07-18T22:47:00,High value
251282,U211,2024-07-18T22:48:00,New vendor
251312,U434,2024-07-18T22:51:00,New vendor
251319,U376,2024-07-18T22:52:00,New vendor
251329,U674,2024-07-18T22:53:00,High value
251332,U071,2024-07-18T22:54:00,New vendor
251349,U452,2024-07-18T22:56:00,New vendor
251359,U755,2024-07-18T22:57:00,New vendor
251363,U813,2024-07-18T22:58:00,New vendor
251369,U263,2024-07-18T22:59:00,High value
251396,U093,2024-07-18T23:02:00,High value
251409,U336,2024-07-18T23:04:00,New vendor
251410,U607,2024-07-18T23:04:00,High value; New vendor
251421,U193,2024-07-18T23:06:00,High value; New vendor
251429,U507,2024-07-18T23:07:00,High value
251443,U710,2024-07-18T23:08:00,New vendor
251472,U669,2024-07-18T23:13:00,New vendor
251477,U199,2024-07-18T23:14:00,New vendor
251482,U781,2024-07-18T23:14:00,New vendor
251483,U835,2024-07-18T23:14:00,New vendor
251488,U527,2024-07-18T23:15:00,New vendor
251490,U244,2024-07-18T23:16:00,New vendor
251492,U255,2024-07-18T23:16:00,High value; New vendor
251513,U844,2024-07-18T23:18:00,High value
251518,U065,2024-07-18T23:19:00,High value
251523,U462,2024-07-18T23:19:00,High value
251527,U915,2024-07-18T23:19:00,New vendor
251529,U151,2024-07-18T23:20:00,High value
251530,U277,2024-07-18T23:20:00,New vendor
251531,U730,2024-07-18T23:20:00,New vendor
251539,U071,2024-07-18T23:21:00,New vendor
251541,U429,2024-07-18T23:21:00,New vendor
251550,U763,2024-07-18T23:22:00,New vendor
251589,U526,2024-07-18T23:27:00,New vendor
251609,U413,2024-07-18T23:30:00,New vendor
251615,U806,2024-07-18T23:30:00,High value; New vendor
251628,U274,2024-07-18T23:32:00,New vendor
251649,U336,2024-07-18T23:35:00,New vendor
251671,U417,2024-07-18T23:37:00,High value
251678,U155,2024-07-18T23:38:00,High value
251686,U675,2024-07-18T23:38:00,High value
251691,U047,2024-07-18T23:40:00,High value; New vendor
251706,U670,2024-07-18T23:41:00,New vendor
251718,U141,2024-07-18T23:43:00,New vendor
251726,U653,2024-07-18T23:43:00,High value
251728,U384,2024-07-18T23:44:00,New vendor
251732,U634,2024-07-18T23:44:00,New vendor
251760,U985,2024-07-18T23:46:00,High value; New vendor
251769,U703,2024-07-18T23:47:00,New vendor
251770,U820,2024-07-18T23:47:00,High value
251797,U884,2024-07-18T23:52:00,New vendor
251804,U140,2024-07-18T23:54:00,High value; New vendor
251820,U813,2024-07-18T23:55:00,High value
251825,U858,2024-07-18T23:56:00,High value
251830,U503,2024-07-18T23:57:00,High value
251834,U982,2024-07-18T23:57:00,High value
251845,U616,2024-07-18T23:58:00,High value
251861,U895,2024-07-19T00:00:00,High value
251888,U435,2024-07-19T00:03:00,New vendor
251932,U423,2024-07-19T00:10:00,New vendor
251933,U716,2024-07-19T00:10:00,High value
251934,U862,2024-07-19T00:10:00,New vendor
251944,U802,2024-07-19T00:11:00,New vendor
251948,U563,2024-07-19T00:12:00,New vendor
251978,U927,2024-07-19T00:14:00,New vendor
252024,U042,2024-07-19T00:21:00,New vendor
252034,U561,2024-07-19T00:23:00,New vendor
252048,U178,2024-07-19T00:25:00,New vendor
252064,U120,2024-07-19T00:27:00,New vendor
252068,U373,2024-07-19T00:27:00,New vendor
252081,U265,2024-07-19T00:29:00,New vendor
252088,U760,2024-07-19T00:29:00,High value
252090,U039,2024-07-19T00:30:00,New vendor
252098,U895,2024-07-19T00:30:00,High value
252108,U339,2024-07-19T00:32:00,New vendor
252122,U730,2024-07-19T00:33:00,High value
252124,U194,2024-07-19T00:34:00,High value
252126,U244,2024-07-19T00:34:00,High value; New vendor
252162,U188,2024-07-19T00:38:00,New vendor
252174,U533,2024-07-19T00:39:00,New vendor
252200,U595,2024-07-19T00:43:00,New vendor
252205,U966,2024-07-19T00:43:00,High value
252206,U041,2024-07-19T00:44:00,High value; New vendor
252228,U401,2024-07-19T00:47:00,New vendor
252230,U527,2024-07-19T00:47:00,High value; New vendor
252236,U795,2024-07-19T00:48:00,New vendor
252254,U042,2024-07-19T00:51:00,New vendor
252296,U593,2024-07-19T00:57:00,New vendor
252321,U323,2024-07-19T01:01:00,High value
252326,U357,2024-07-19T01:02:00,High value
252327,U378,2024-07-19T01:02:00,New vendor
252345,U977,2024-07-19T01:03:00,New vendor
252356,U997,2024-07-19T01:04:00,New vendor
252358,U042,2024-07-19T01:05:00,New vendor
252359,U099,2024-07-19T01:05:00,New vendor
252367,U148,2024-07-19T01:06:00,New vendor
252371,U820,2024-07-19T01:06:00,High value
252378,U376,2024-07-19T01:07:00,New vendor
252395,U821,2024-07-19T01:09:00,New vendor
252415,U083,2024-07-19T01:13:00,New vendor
252422,U025,2024-07-19T01:14:00,New vendor
252456,U670,2024-07-19T01:17:00,New vendor
252458,U713,2024-07-19T01:17:00,New vendor
252470,U269,2024-07-19T01:19:00,New vendor
252475,U711,2024-07-19T01:19:00,New vendor
252488,U716,2024-07-19T01:20:00,High value
252490,U301,2024-07-19T01:21:00,New vendor
252505,U822,2024-07-19T01:22:00,New vendor
252514,U451,2024-07-19T01:24:00,High value
252528,U489,2024-07-19T01:25:00,High value
252529,U527,2024-07-19T01:25:00,New vendor
252532,U674,2024-07-19T01:25:00,High value
252535,U783,2024-07-19T01:25:00,New vendor
252541,U921,2024-07-19T01:26:00,High value
252551,U243,2024-07-19T01:28:00,New vendor
252567,U808,2024-07-19T01:29:00,New vendor
252572,U766,2024-07-19T01:30:00,New vendor
252606,U031,2024-07-19T01:35:00,New vendor
252609,U566,2024-07-19T01:35:00,High value; New vendor
252612,U018,2024-07-19T01:36:00,High value
252622,U448,2024-07-19T01:37:00,New vendor
252629,U677,2024-07-19T01:38:00,New vendor
252631,U870,2024-07-19T01:38:00,New vendor
252639,U384,2024-07-19T01:39:00,New vendor
252680,U753,2024-07-19T01:43:00,New vendor
252686,U536,2024-07-19T01:44:00,High value
252689,U621,2024-07-19T01:44:00,New vendor
252701,U406,2024-07-19T01:46:00,High value; New vendor
252725,U624,2024-07-19T01:48:00,High value
252749,U157,2024-07-19T01:52:00,New vendor
252766,U942,2024-07-19T01:55:00,High value
252778,U200,2024-07-19T01:57:00,High value
252788,U091,2024-07-19T01:59:00,New vendor
252803,U764,2024-07-19T02:00:00,New vendor
252804,U828,2024-07-19T02:00:00,New vendor
252816,U345,2024-07-19T02:02:00,New vendor
252818,U652,2024-07-19T02:02:00,High value
252841,U837,2024-07-19T02:04:00,New vendor
252847,U011,2024-07-19T02:06:00,New vendor
252863,U087,2024-07-19T02:07:00,New vendor
252872,U420,2024-07-19T02:08:00,High value
252876,U792,2024-07-19T02:08:00,New vendor
252902,U128,2024-07-19T02:12:00,New vendor
252903,U217,2024-07-19T02:12:00,High value
252906,U927,2024-07-19T02:12:00,New vendor
252909,U083,2024-07-19T02:13:00,High value; New vendor
252915,U880,2024-07-19T02:13:00,New vendor
252917,U099,2024-07-19T02:14:00,New vendor
252932,U934,2024-07-19T02:15:00,New vendor
252942,U342,2024-07-19T02:17:00,High value; New vendor
252963,U443,2024-07-19T02:19:00,High value; New vendor
253031,U893,2024-07-19T02:28:00,New vendor
253042,U323,2024-07-19T02:30:00,New vendor
253044,U612,2024-07-19T02:30:00,New vendor
253055,U827,2024-07-19T02:32:00,High value
253060,U312,2024-07-19T02:33:00,High value
253079,U434,2024-07-19T02:36:00,High value; New vendor
253098,U499,2024-07-19T02:38:00,New vendor
253120,U821,2024-07-19T02:40:00,New vendor
253138,U702,2024-07-19T02:42:00,High value; New vendor
253141,U956,2024-07-19T02:42:00,New vendor
253151,U915,2024-07-19T02:44:00,High value
253162,U277,2024-07-19T02:46:00,New vendor
253166,U869,2024-07-19T02:46:00,High value
253208,U840,2024-07-19T02:51:00,New vendor
253217,U925,2024-07-19T02:52:00,High value
253224,U095,2024-07-19T02:54:00,High value
253239,U571,2024-07-19T02:56:00,New vendor
253244,U465,2024-07-19T02:57:00,High value
253254,U094,2024-07-19T02:59:00,High value
253258,U553,2024-07-19T02:59:00,New vendor
253270,U722,2024-07-19T03:01:00,New vendor
253287,U023,2024-07-19T03:04:00,High value; New vendor
253298,U387,2024-07-19T03:06:00,High value
253302,U565,2024-07-19T03:06:00,High value; New vendor
253324,U837,2024-07-19T03:09:00,New vendor
253327,U187,2024-07-19T03:10:00,New vendor
253330,U375,2024-07-19T03:10:00,New vendor
253377,U096,2024-07-19T03:16:00,New vendor
253386,U644,2024-07-19T03:17:00,New vendor
253397,U614,2024-07-19T03:18:00,New vendor
253408,U404,2024-07-19T03:19:00,High value
253450,U567,2024-07-19T03:25:00,High value
253451,U570,2024-07-19T03:25:00,High value; New vendor
253457,U681,2024-07-19T03:26:00,High value
253510,U907,2024-07-19T03:32:00,New vendor
253521,U193,2024-07-19T03:35:00,High value
253535,U446,2024-07-19T03:37:00,New vendor
253542,U486,2024-07-19T03:38:00,High value
253554,U601,2024-07-19T03:39:00,High value; New vendor
253557,U231,2024-07-19T03:40:00,High value
253568,U578,2024-07-19T03:41:00,New vendor
253592,U792,2024-07-19T03:44:00,New vendor
253593,U798,2024-07-19T03:44:00,High value
253601,U551,2024-07-19T03:46:00,New vendor
253617,U150,2024-07-19T03:49:00,High value
253618,U262,2024-07-19T03:49:00,New vendor
253624,U592,2024-07-19T03:50:00,High value; New vendor
253637,U142,2024-07-19T03:52:00,New vendor
253665,U007,2024-07-19T03:56:00,High value; New vendor
253674,U130,2024-07-19T03:57:00,New vendor
253686,U611,2024-07-19T03:58:00,High value
253703,U215,2024-07-19T04:00:00,New vendor
253714,U460,2024-07-19T04:01:00,High value
253729,U773,2024-07-19T04:02:00,High value
253730,U903,2024-07-19T04:02:00,High value
253749,U595,2024-07-19T04:05:00,High value; New vendor
253783,U161,2024-07-19T04:10:00,New vendor
253787,U516,2024-07-19T04:10:00,New vendor
253815,U123,2024-07-19T04:14:00,High value
253821,U604,2024-07-19T04:14:00,High value
253823,U860,2024-07-19T04:14:00,New vendor
253825,U069,2024-07-19T04:15:00,New vendor
253829,U569,2024-07-19T04:15:00,High value
253836,U074,2024-07-19T04:16:00,New vendor
253840,U927,2024-07-19T04:16:00,New vendor
253841,U998,2024-07-19T04:16:00,High value
253853,U188,2024-07-19T04:18:00,New vendor
253875,U498,2024-07-19T04:21:00,High value; New vendor
253881,U831,2024-07-19T04:21:00,High value
253884,U434,2024-07-19T04:22:00,New vendor
253903,U605,2024-07-19T04:23:00,New vendor
253908,U608,2024-07-19T04:24:00,New vendor
253911,U946,2024-07-19T04:24:00,High value
253918,U114,2024-07-19T04:26:00,New vendor
253945,U017,2024-07-19T04:30:00,New vendor
253956,U703,2024-07-19T04:31:00,New vendor
253957,U860,2024-07-19T04:31:00,New vendor
253982,U284,2024-07-19T04:35:00,High value
254002,U126,2024-07-19T04:38:00,High value
254009,U665,2024-07-19T04:39:00,High value; New vendor
254032,U565,2024-07-19T04:41:00,High value; New vendor
254045,U509,2024-07-19T04:42:00,New vendor
254068,U468,2024-07-19T04:45:00,High value
254081,U914,2024-07-19T04:46:00,High value
254166,U389,2024-07-19T04:58:00,New vendor
254174,U507,2024-07-19T04:59:00,New vendor
254199,U274,2024-07-19T05:03:00,New vendor
254236,U514,2024-07-19T05:07:00,New vendor
254256,U569,2024-07-19T05:09:00,High value
254273,U604,2024-07-19T05:11:00,High value; New vendor
254276,U105,2024-07-19T05:12:00,High value
254288,U678,2024-07-19T05:13:00,High value; New vendor
254325,U123,2024-07-19T05:17:00,New vendor
254342,U700,2024-07-19T05:18:00,High value
254347,U019,2024-07-19T05:20:00,High value
254351,U530,2024-07-19T05:20:00,High value
254354,U984,2024-07-19T05:20:00,New vendor
254361,U681,2024-07-19T05:21:00,High value
254383,U463,2024-07-19T05:24:00,New vendor
254413,U614,2024-07-19T05:29:00,New vendor
254414,U615,2024-07-19T05:29:00,High value
254421,U590,2024-07-19T05:30:00,New vendor
254427,U476,2024-07-19T05:31:00,High value
254452,U765,2024-07-19T05:34:00,High value; New vendor
254462,U596,2024-07-19T05:35:00,New vendor
254468,U074,2024-07-19T05:36:00,New vendor
254479,U967,2024-07-19T05:36:00,High value
254521,U972,2024-07-19T05:42:00,New vendor
254541,U777,2024-07-19T05:46:00,High value
254542,U032,2024-07-19T05:47:00,New vendor
254552,U229,2024-07-19T05:48:00,New vendor
254555,U671,2024-07-19T05:48:00,New vendor
254560,U118,2024-07-19T05:49:00,New vendor
254579,U885,2024-07-19T05:50:00,High value
254583,U594,2024-07-19T05:51:00,High value
254588,U130,2024-07-19T05:52:00,High value; New vendor
254600,U614,2024-07-19T05:53:00,New vendor
254603,U118,2024-07-19T05:54:00,High value; New vendor
254604,U126,2024-07-19T05:54:00,New vendor
254605,U251,2024-07-19T05:54:00,New vendor
254621,U019,2024-07-19T05:57:00,High value
254623,U188,2024-07-19T05:57:00,New vendor
254645,U138,2024-07-19T06:00:00,High value
254647,U923,2024-07-19T06:00:00,New vendor
254662,U862,2024-07-19T06:01:00,High value; New vendor
254670,U401,2024-07-19T06:03:00,New vendor
254672,U672,2024-07-19T06:03:00,New vendor
254675,U059,2024-07-19T06:04:00,New vendor
254685,U386,2024-07-19T06:05:00,New vendor
254732,U415,2024-07-19T06:11:00,New vendor
254759,U907,2024-07-19T06:14:00,High value
254786,U149,2024-07-19T06:18:00,High value; New vendor
254788,U338,2024-07-19T06:18:00,High value; New vendor
254789,U681,2024-07-19T06:18:00,High value
254802,U438,2024-07-19T06:20:00,New vendor
254804,U703,2024-07-19T06:20:00,New vendor
254811,U735,2024-07-19T06:21:00,High value
254814,U476,2024-07-19T06:22:00,High value
254817,U678,2024-07-19T06:22:00,High value; New vendor
254821,U026,2024-07-19T06:23:00,High value
254858,U555,2024-07-19T06:27:00,High value
254864,U116,2024-07-19T06:28:00,New vendor
254865,U265,2024-07-19T06:28:00,New vendor
254866,U435,2024-07-19T06:29:00,New vendor
254869,U570,2024-07-19T06:29:00,New vendor
254903,U822,2024-07-19T06:34:00,New vendor
254942,U011,2024-07-19T06:40:00,New vendor
254956,U599,2024-07-19T06:41:00,New vendor
254965,U543,2024-07-19T06:42:00,New vendor
254990,U787,2024-07-19T06:44:00,New vendor
255000,U187,2024-07-19T06:46:00,New vendor
255007,U627,2024-07-19T06:46:00,New vendor
255022,U798,2024-07-19T06:47:00,High value; New vendor
255028,U487,2024-07-19T06:48:00,New vendor
255039,U056,2024-07-19T06:51:00,High value
255055,U935,2024-07-19T06:52:00,High value
255073,U244,2024-07-19T06:54:00,New vendor
255082,U732,2024-07-19T06:55:00,New vendor
255091,U441,2024-07-19T06:56:00,High value
255095,U148,2024-07-19T06:57:00,New vendor
255096,U200,2024-07-19T06:57:00,High value
255121,U190,2024-07-19T07:00:00,New vendor
255122,U263,2024-07-19T07:00:00,New vendor
255126,U442,2024-07-19T07:00:00,High value; New vendor
255133,U157,2024-07-19T07:01:00,New vendor
255135,U244,2024-07-19T07:01:00,New vendor
255148,U835,2024-07-19T07:02:00,New vendor
255157,U832,2024-07-19T07:03:00,High value
255182,U002,2024-07-19T07:07:00,New vendor
255188,U959,2024-07-19T07:07:00,New vendor
255191,U394,2024-07-19T07:08:00,High value
255201,U216,2024-07-19T07:09:00,New vendor
255210,U651,2024-07-19T07:10:00,New vendor
255227,U689,2024-07-19T07:12:00,High value
255229,U982,2024-07-19T07:12:00,High value
255231,U094,2024-07-19T07:13:00,High value; New vendor
255239,U279,2024-07-19T07:15:00,High value; New vendor
255248,U993,2024-07-19T07:15:00,New vendor
255249,U095,2024-07-19T07:16:00,High value; New vendor
255250,U167,2024-07-19T07:16:00,High value; New vendor
255274,U754,2024-07-19T07:20:00,High value
255283,U218,2024-07-19T07:23:00,High value
255301,U125,2024-07-19T07:26:00,High value
255317,U502,2024-07-19T07:28:00,New vendor
255327,U143,2024-07-19T07:29:00,New vendor
255353,U623,2024-07-19T07:32:00,High value; New vendor
255388,U056,2024-07-19T07:36:00,New vendor
255409,U605,2024-07-19T07:38:00,New vendor
255415,U111,2024-07-19T07:40:00,High value; New vendor
255419,U509,2024-07-19T07:40:00,High value
255425,U984,2024-07-19T07:40:00,New vendor
255442,U855,2024-07-19T07:42:00,High value
255444,U205,2024-07-19T07:43:00,High value
255458,U099,2024-07-19T07:45:00,New vendor
255462,U758,2024-07-19T07:45:00,New vendor
255467,U534,2024-07-19T07:46:00,New vendor
255468,U875,2024-07-19T07:46:00,High value
255474,U280,2024-07-19T07:47:00,New vendor
255486,U785,2024-07-19T07:48:00,High value
255488,U927,2024-07-19T07:48:00,High value; New vendor
255490,U087,2024-07-19T07:49:00,New vendor
255500,U862,2024-07-19T07:50:00,High value
255502,U057,2024-07-19T07:51:00,High value
255505,U452,2024-07-19T07:51:00,New vendor
255510,U017,2024-07-19T07:52:00,High value; New vendor
255518,U714,2024-07-19T07:52:00,High value; New vendor
255522,U984,2024-07-19T07:52:00,New vendor
255524,U387,2024-07-19T07:53:00,High value
255526,U505,2024-07-19T07:53:00,New vendor
255540,U883,2024-07-19T07:54:00,New vendor
255544,U479,2024-07-19T07:55:00,New vendor
255551,U649,2024-07-19T07:56:00,New vendor
255556,U056,2024-07-19T07:57:00,New vendor
255566,U692,2024-07-19T07:58:00,New vendor
255569,U864,2024-07-19T07:58:00,New vendor
255586,U831,2024-07-19T08:01:00,High value
255603,U809,2024-07-19T08:04:00,New vendor
255605,U917,2024-07-19T08:04:00,High value
255612,U678,2024-07-19T08:05:00,High value; New vendor
255613,U713,2024-07-19T08:05:00,New vendor
255656,U054,2024-07-19T08:13:00,High value
255658,U435,2024-07-19T08:13:00,High value
255670,U366,2024-07-19T08:15:00,New vendor
255677,U134,2024-07-19T08:16:00,New vendor
255689,U281,2024-07-19T08:17:00,High value
255691,U429,2024-07-19T08:17:00,New vendor
255708,U291,2024-07-19T08:20:00,High value
255745,U494,2024-07-19T08:25:00,High value
255758,U014,2024-07-19T08:27:00,High value
255777,U977,2024-07-19T08:28:00,New vendor
255779,U288,2024-07-19T08:29:00,High value
255782,U509,2024-07-19T08:29:00,High value; New vendor
255785,U641,2024-07-19T08:29:00,High value
255788,U973,2024-07-19T08:29:00,High value
255792,U289,2024-07-19T08:30:00,New vendor
255830,U243,2024-07-19T08:34:00,New vendor
255831,U309,2024-07-19T08:34:00,New vendor
255854,U209,2024-07-19T08:37:00,New vendor
255857,U809,2024-07-19T08:37:00,New vendor
255863,U939,2024-07-19T08:38:00,New vendor
255864,U048,2024-07-19T08:39:00,New vendor
255905,U739,2024-07-19T08:44:00,New vendor
255908,U963,2024-07-19T08:44:00,New vendor
255923,U296,2024-07-19T08:47:00,New vendor
255932,U452,2024-07-19T08:48:00,New vendor
255940,U692,2024-07-19T08:49:00,New vendor
255979,U015,2024-07-19T08:55:00,High value
255986,U553,2024-07-19T08:55:00,New vendor
256012,U864,2024-07-19T08:58:00,New vendor
256037,U906,2024-07-19T09:02:00,High value
256046,U018,2024-07-19T09:05:00,High value
256051,U457,2024-07-19T09:05:00,High value
256053,U784,2024-07-19T09:05:00,New vendor
256055,U963,2024-07-19T09:05:00,High value
256075,U755,2024-07-19T09:07:00,New vendor
256096,U190,2024-07-19T09:10:00,New vendor
256099,U938,2024-07-19T09:10:00,High value
256110,U651,2024-07-19T09:11:00,New vendor
256113,U031,2024-07-19T09:12:00,High value; New vendor
256142,U578,2024-07-19T09:15:00,New vendor
256170,U870,2024-07-19T09:19:00,New vendor
256177,U931,2024-07-19T09:20:00,High value
256196,U514,2024-07-19T09:23:00,New vendor
256205,U815,2024-07-19T09:24:00,New vendor
256206,U831,2024-07-19T09:24:00,High value
256212,U080,2024-07-19T09:25:00,New vendor
256225,U666,2024-07-19T09:27:00,New vendor
256233,U415,2024-07-19T09:28:00,High value
256253,U157,2024-07-19T09:31:00,New vendor
256311,U623,2024-07-19T09:38:00,New vendor
256315,U137,2024-07-19T09:39:00,New vendor
256325,U211,2024-07-19T09:41:00,High value; New vendor
256352,U531,2024-07-19T09:44:00,New vendor
256365,U338,2024-07-19T09:46:00,High value; New vendor
256371,U188,2024-07-19T09:47:00,New vendor
256392,U457,2024-07-19T09:49:00,New vendor
256424,U733,2024-07-19T09:53:00,High value
256426,U289,2024-07-19T09:54:00,New vendor
256437,U123,2024-07-19T09:56:00,New vendor
256460,U415,2024-07-19T09:59:00,New vendor
256475,U634,2024-07-19T10:01:00,New vendor
256489,U423,2024-07-19T10:04:00,New vendor
256522,U123,2024-07-19T10:09:00,New vendor
256527,U443,2024-07-19T10:09:00,High value; New vendor
256536,U581,2024-07-19T10:10:00,High value
256537,U608,2024-07-19T10:10:00,High value; New vendor
256560,U115,2024-07-19T10:14:00,New vendor
256577,U259,2024-07-19T10:16:00,New vendor
256581,U621,2024-07-19T10:16:00,New vendor
256610,U588,2024-07-19T10:20:00,High value
256627,U979,2024-07-19T10:22:00,New vendor
256643,U218,2024-07-19T10:25:00,High value
256682,U341,2024-07-19T10:30:00,New vendor
256708,U208,2024-07-19T10:34:00,High value
256713,U496,2024-07-19T10:35:00,New vendor
256739,U353,2024-07-19T10:38:00,New vendor
256761,U826,2024-07-19T10:40:00,High value; New vendor
256765,U516,2024-07-19T10:41:00,New vendor
256780,U845,2024-07-19T10:42:00,New vendor
256785,U275,2024-07-19T10:44:00,New vendor
256806,U972,2024-07-19T10:47:00,New vendor
256809,U157,2024-07-19T10:48:00,New vendor
256823,U570,2024-07-19T10:50:00,High value; New vendor
256827,U470,2024-07-19T10:51:00,High value; New vendor
256835,U885,2024-07-19T10:52:00,New vendor
256846,U240,2024-07-19T10:54:00,High value
256847,U426,2024-07-19T10:54:00,New vendor
256856,U345,2024-07-19T10:56:00,New vendor
256873,U387,2024-07-19T10:58:00,New vendor
256891,U702,2024-07-19T11:00:00,New vendor
256895,U237,2024-07-19T11:01:00,High value
256906,U821,2024-07-19T11:02:00,New vendor
256907,U248,2024-07-19T11:03:00,High value
256941,U920,2024-07-19T11:07:00,High value
256942,U068,2024-07-19T11:08:00,New vendor
256943,U080,2024-07-19T11:08:00,New vendor
256944,U117,2024-07-19T11:08:00,New vendor
256979,U352,2024-07-19T11:13:00,High value
256987,U786,2024-07-19T11:14:00,New vendor
257001,U119,2024-07-19T11:16:00,New vendor
257022,U657,2024-07-19T11:18:00,High value; New vendor
257028,U395,2024-07-19T11:19:00,High value
257029,U619,2024-07-19T11:19:00,New vendor
257030,U808,2024-07-19T11:19:00,High value; New vendor
257033,U953,2024-07-19T11:19:00,High value
257049,U695,2024-07-19T11:22:00,New vendor
257050,U711,2024-07-19T11:22:00,New vendor
257069,U156,2024-07-19T11:26:00,New vendor
257070,U367,2024-07-19T11:26:00,New vendor
257084,U563,2024-07-19T11:28:00,New vendor
257085,U570,2024-07-19T11:28:00,High value; New vendor
257094,U739,2024-07-19T11:29:00,New vendor
257124,U587,2024-07-19T11:34:00,New vendor
257145,U407,2024-07-19T11:37:00,New vendor
257159,U839,2024-07-19T11:38:00,New vendor
257162,U111,2024-07-19T11:39:00,New vendor
257164,U269,2024-07-19T11:39:00,New vendor
257189,U377,2024-07-19T11:42:00,High value
257200,U507,2024-07-19T11:44:00,New vendor
257223,U090,2024-07-19T11:47:00,New vendor
257237,U380,2024-07-19T11:49:00,New vendor
257238,U458,2024-07-19T11:49:00,New vendor
257254,U232,2024-07-19T11:52:00,High value
257259,U786,2024-07-19T11:52:00,New vendor
257274,U496,2024-07-19T11:55:00,High value
257279,U956,2024-07-19T11:55:00,New vendor
257301,U759,2024-07-19T11:58:00,New vendor
257306,U927,2024-07-19T11:59:00,New vendor
257313,U015,2024-07-19T12:01:00,New vendor
257316,U337,2024-07-19T12:01:00,New vendor
257326,U700,2024-07-19T12:02:00,High value
257349,U813,2024-07-19T12:05:00,New vendor
257350,U956,2024-07-19T12:05:00,High value; New vendor
257362,U660,2024-07-19T12:07:00,New vendor
257371,U515,2024-07-19T12:08:00,New vendor
257378,U642,2024-07-19T12:09:00,New vendor
257410,U059,2024-07-19T12:13:00,High value; New vendor
257438,U076,2024-07-19T12:17:00,New vendor
257462,U555,2024-07-19T12:22:00,New vendor
257473,U344,2024-07-19T12:24:00,New vendor
257480,U208,2024-07-19T12:26:00,New vendor
257482,U405,2024-07-19T12:26:00,New vendor
257487,U920,2024-07-19T12:26:00,High value
257518,U596,2024-07-19T12:30:00,High value
257520,U994,2024-07-19T12:30:00,New vendor
257532,U026,2024-07-19T12:32:00,New vendor
257549,U774,2024-07-19T12:33:00,High value
257556,U511,2024-07-19T12:34:00,High value; New vendor
257560,U962,2024-07-19T12:35:00,High value
257580,U862,2024-07-19T12:38:00,High value
257582,U019,2024-07-19T12:39:00,High value
257584,U395,2024-07-19T12:39:00,High value
257588,U465,2024-07-19T12:40:00,New vendor
257589,U531,2024-07-19T12:40:00,New vendor
257590,U704,2024-07-19T12:40:00,High value
257605,U926,2024-07-19T12:42:00,High value
257622,U820,2024-07-19T12:45:00,High value
257624,U071,2024-07-19T12:46:00,New vendor
257670,U350,2024-07-19T12:52:00,New vendor
257671,U402,2024-07-19T12:52:00,High value
257697,U042,2024-07-19T12:57:00,New vendor
257698,U047,2024-07-19T12:57:00,High value
257704,U492,2024-07-19T12:57:00,High value
257716,U366,2024-07-19T12:58:00,New vendor
257720,U363,2024-07-19T12:59:00,New vendor
257733,U375,2024-07-19T13:01:00,New vendor
257741,U494,2024-07-19T13:02:00,High value
257762,U847,2024-07-19T13:05:00,New vendor
257763,U864,2024-07-19T13:05:00,New vendor
257771,U426,2024-07-19T13:06:00,New vendor
257790,U993,2024-07-19T13:08:00,High value
257791,U116,2024-07-19T13:09:00,New vendor
257814,U669,2024-07-19T13:12:00,New vendor
257827,U657,2024-07-19T13:14:00,New vendor
257857,U023,2024-07-19T13:19:00,New vendor
257887,U369,2024-07-19T13:23:00,New vendor
257898,U061,2024-07-19T13:25:00,New vendor
257906,U327,2024-07-19T13:26:00,New vendor
257909,U551,2024-07-19T13:26:00,New vendor
257913,U566,2024-07-19T13:27:00,New vendor
257936,U123,2024-07-19T13:30:00,New vendor
257939,U191,2024-07-19T13:30:00,New vendor
257940,U236,2024-07-19T13:30:00,High value
257945,U047,2024-07-19T13:31:00,High value; New vendor
257969,U506,2024-07-19T13:33:00,High value
257984,U358,2024-07-19T13:35:00,New vendor
257985,U376,2024-07-19T13:35:00,New vendor
257997,U464,2024-07-19T13:37:00,New vendor
257998,U473,2024-07-19T13:37:00,New vendor
258004,U146,2024-07-19T13:38:00,New vendor
258012,U048,2024-07-19T13:39:00,New vendor
258019,U625,2024-07-19T13:39:00,New vendor
258023,U193,2024-07-19T13:40:00,New vendor
258030,U623,2024-07-19T13:40:00,New vendor
258032,U762,2024-07-19T13:40:00,New vendor
258061,U063,2024-07-19T13:45:00,New vendor
258100,U341,2024-07-19T13:51:00,New vendor
258104,U684,2024-07-19T13:51:00,New vendor
258125,U676,2024-07-19T13:54:00,High value
258142,U148,2024-07-19T13:58:00,New vendor
258143,U456,2024-07-19T13:58:00,High value
258147,U057,2024-07-19T13:59:00,High value
258150,U939,2024-07-19T13:59:00,New vendor
258155,U820,2024-07-19T14:00:00,High value
258165,U496,2024-07-19T14:02:00,High value; New vendor
258179,U061,2024-07-19T14:05:00,New vendor
258183,U594,2024-07-19T14:05:00,New vendor
258200,U621,2024-07-19T14:07:00,New vendor
258216,U837,2024-07-19T14:08:00,New vendor
258227,U672,2024-07-19T14:10:00,New vendor
258228,U777,2024-07-19T14:10:00,High value
258248,U745,2024-07-19T14:12:00,High value
258253,U442,2024-07-19T14:13:00,New vendor
258255,U759,2024-07-19T14:13:00,New vendor
258290,U424,2024-07-19T14:19:00,New vendor
258303,U265,2024-07-19T14:21:00,New vendor
258321,U549,2024-07-19T14:24:00,New vendor
258323,U840,2024-07-19T14:24:00,High value
258324,U862,2024-07-19T14:24:00,New vendor
258346,U166,2024-07-19T14:28:00,High value; New vendor
258347,U248,2024-07-19T14:28:00,High value
258359,U567,2024-07-19T14:30:00,High value
258388,U541,2024-07-19T14:33:00,High value
258397,U639,2024-07-19T14:34:00,New vendor
258413,U046,2024-07-19T14:36:00,New vendor
258418,U588,2024-07-19T14:36:00,New vendor
258429,U358,2024-07-19T14:38:00,High value; New vendor
258432,U549,2024-07-19T14:38:00,New vendor
258448,U336,2024-07-19T14:40:00,New vendor
258466,U141,2024-07-19T14:43:00,New vendor
258467,U271,2024-07-19T14:43:00,High value
258472,U390,2024-07-19T14:44:00,High value
258483,U515,2024-07-19T14:46:00,New vendor
258494,U009,2024-07-19T14:48:00,New vendor
258548,U653,2024-07-19T14:55:00,High value
258580,U945,2024-07-19T15:00:00,New vendor
258587,U029,2024-07-19T15:02:00,High value
258591,U473,2024-07-19T15:03:00,New vendor
258611,U619,2024-07-19T15:06:00,High value; New vendor
258629,U722,2024-07-19T15:08:00,New vendor
258643,U473,2024-07-19T15:10:00,New vendor
258650,U142,2024-07-19T15:11:00,New vendor
258654,U020,2024-07-19T15:12:00,New vendor
258660,U547,2024-07-19T15:12:00,New vendor
258675,U817,2024-07-19T15:14:00,New vendor
258686,U009,2024-07-19T15:17:00,New vendor
258694,U836,2024-07-19T15:17:00,New vendor
258695,U862,2024-07-19T15:17:00,High value; New vendor
258724,U498,2024-07-19T15:21:00,High value; New vendor
258749,U533,2024-07-19T15:24:00,New vendor
258757,U594,2024-07-19T15:25:00,New vendor
258760,U987,2024-07-19T15:25:00,New vendor
258797,U454,2024-07-19T15:31:00,High value
258801,U038,2024-07-19T15:32:00,New vendor
258811,U889,2024-07-19T15:32:00,High value
258833,U335,2024-07-19T15:37:00,High value; New vendor
258866,U430,2024-07-19T15:41:00,New vendor
258892,U744,2024-07-19T15:44:00,High value
258900,U937,2024-07-19T15:45:00,New vendor
258931,U788,2024-07-19T15:50:00,New vendor
258938,U231,2024-07-19T15:52:00,High value
258957,U509,2024-07-19T15:54:00,New vendor
258967,U960,2024-07-19T15:55:00,New vendor
258976,U675,2024-07-19T15:56:00,High value
258984,U798,2024-07-19T15:57:00,High value
258990,U828,2024-07-19T15:58:00,High value; New vendor
259031,U067,2024-07-19T16:04:00,New vendor
259042,U962,2024-07-19T16:04:00,High value
259062,U075,2024-07-19T16:08:00,New vendor
259077,U507,2024-07-19T16:10:00,High value
259086,U465,2024-07-19T16:11:00,High value
259096,U339,2024-07-19T16:13:00,New vendor
259120,U912,2024-07-19T16:16:00,New vendor
259134,U675,2024-07-19T16:19:00,High value
259146,U912,2024-07-19T16:21:00,New vendor
259147,U917,2024-07-19T16:21:00,New vendor
259148,U139,2024-07-19T16:22:00,New vendor
259152,U612,2024-07-19T16:22:00,High value; New vendor
259158,U312,2024-07-19T16:23:00,High value
259164,U178,2024-07-19T16:24:00,High value
259167,U471,2024-07-19T16:24:00,High value; New vendor
259183,U723,2024-07-19T16:25:00,High value
259224,U787,2024-07-19T16:31:00,New vendor
259242,U925,2024-07-19T16:34:00,High value
259250,U675,2024-07-19T16:35:00,High value
259255,U280,2024-07-19T16:36:00,New vendor
259298,U545,2024-07-19T16:42:00,New vendor
259316,U349,2024-07-19T16:45:00,New vendor
259319,U709,2024-07-19T16:45:00,High value; New vendor
259326,U935,2024-07-19T16:46:00,High value
259344,U835,2024-07-19T16:49:00,High value; New vendor
259345,U883,2024-07-19T16:49:00,New vendor
259424,U935,2024-07-19T17:01:00,High value
259427,U157,2024-07-19T17:02:00,High value; New vendor
259428,U248,2024-07-19T17:02:00,High value
259452,U190,2024-07-19T17:05:00,New vendor
259460,U048,2024-07-19T17:06:00,New vendor
259466,U557,2024-07-19T17:06:00,New vendor
259468,U993,2024-07-19T17:06:00,High value; New vendor
259469,U127,2024-07-19T17:07:00,New vendor
259480,U576,2024-07-19T17:08:00,High value
259487,U813,2024-07-19T17:09:00,New vendor
259499,U841,2024-07-19T17:11:00,High value
259516,U122,2024-07-19T17:15:00,New vendor
259529,U917,2024-07-19T17:16:00,New vendor
259539,U193,2024-07-19T17:18:00,High value; New vendor
259543,U251,2024-07-19T17:19:00,New vendor
259544,U296,2024-07-19T17:19:00,High value; New vendor
259547,U237,2024-07-19T17:20:00,High value
259550,U454,2024-07-19T17:20:00,High value
259561,U424,2024-07-19T17:21:00,New vendor
259562,U463,2024-07-19T17:21:00,New vendor
259580,U017,2024-07-19T17:24:00,High value; New vendor
259589,U833,2024-07-19T17:25:00,High value
259592,U095,2024-07-19T17:26:00,High value; New vendor
259593,U098,2024-07-19T17:26:00,High value
259629,U551,2024-07-19T17:31:00,High value; New vendor
259630,U559,2024-07-19T17:31:00,New vendor
259652,U067,2024-07-19T17:34:00,High value
259656,U533,2024-07-19T17:34:00,New vendor
259674,U558,2024-07-19T17:37:00,High value
259720,U819,2024-07-19T17:43:00,New vendor
259724,U275,2024-07-19T17:44:00,High value; New vendor
259737,U778,2024-07-19T17:45:00,New vendor
259773,U488,2024-07-19T17:50:00,High value
259799,U178,2024-07-19T17:54:00,New vendor
259809,U310,2024-07-19T17:55:00,High value
259833,U524,2024-07-19T17:58:00,New vendor
259841,U347,2024-07-19T18:00:00,New vendor
259857,U392,2024-07-19T18:03:00,New vendor
259873,U386,2024-07-19T18:06:00,New vendor
259911,U840,2024-07-19T18:15:00,New vendor
259924,U651,2024-07-19T18:17:00,High value
259929,U126,2024-07-19T18:18:00,High value
259933,U587,2024-07-19T18:18:00,New vendor
259935,U883,2024-07-19T18:18:00,High value
259940,U941,2024-07-19T18:19:00,High value
259947,U850,2024-07-19T18:20:00,New vendor
259952,U591,2024-07-19T18:21:00,High value
259954,U813,2024-07-19T18:21:00,High value; New vendor
259974,U762,2024-07-19T18:25:00,New vendor
259979,U289,2024-07-19T18:26:00,New vendor
259984,U870,2024-07-19T18:26:00,New vendor
259986,U290,2024-07-19T18:27:00,New vendor
259989,U635,2024-07-19T18:27:00,High value
260007,U465,2024-07-19T18:30:00,New vendor
260024,U347,2024-07-19T18:34:00,High value; New vendor
260031,U197,2024-07-19T18:35:00,High value
260065,U475,2024-07-19T18:39:00,New vendor
260094,U516,2024-07-19T18:43:00,New vendor
260110,U535,2024-07-19T18:45:00,High value
260112,U735,2024-07-19T18:45:00,New vendor
260115,U125,2024-07-19T18:46:00,High value
260121,U406,2024-07-19T18:47:00,High value; New vendor
260125,U839,2024-07-19T18:47:00,New vendor
260129,U253,2024-07-19T18:48:00,High value
260135,U133,2024-07-19T18:49:00,High value
260139,U587,2024-07-19T18:49:00,New vendor
260147,U925,2024-07-19T18:50:00,New vendor
260154,U344,2024-07-19T18:52:00,New vendor
260156,U434,2024-07-19T18:52:00,New vendor
260165,U401,2024-07-19T18:53:00,New vendor
260170,U039,2024-07-19T18:54:00,New vendor
260177,U017,2024-07-19T18:55:00,New vendor
260196,U234,2024-07-19T18:58:00,High value
260233,U498,2024-07-19T19:04:00,High value; New vendor
260243,U502,2024-07-19T19:05:00,New vendor
260249,U426,2024-07-19T19:06:00,High value; New vendor
260266,U002,2024-07-19T19:08:00,New vendor
260296,U002,2024-07-19T19:14:00,New vendor
260298,U065,2024-07-19T19:14:00,High value
260299,U112,2024-07-19T19:14:00,High value
260302,U594,2024-07-19T19:14:00,New vendor
260317,U114,2024-07-19T19:16:00,New vendor
260327,U327,2024-07-19T19:18:00,High value
260334,U173,2024-07-19T19:19:00,High value
260337,U880,2024-07-19T19:19:00,New vendor
260343,U122,2024-07-19T19:21:00,High value
260351,U142,2024-07-19T19:23:00,New vendor
260356,U687,2024-07-19T19:23:00,High value
260371,U401,2024-07-19T19:26:00,New vendor
260385,U515,2024-07-19T19:27:00,New vendor
260394,U373,2024-07-19T19:29:00,New vendor
260410,U061,2024-07-19T19:31:00,High value
260417,U367,2024-07-19T19:32:00,New vendor
260450,U963,2024-07-19T19:36:00,High value
260453,U487,2024-07-19T19:37:00,New vendor
260459,U319,2024-07-19T19:38:00,High value; New vendor
260466,U870,2024-07-19T19:39:00,High value; New vendor
260468,U341,2024-07-19T19:40:00,New vendor
260474,U702,2024-07-19T19:40:00,High value; New vendor
260491,U963,2024-07-19T19:42:00,New vendor
260508,U332,2024-07-19T19:45:00,New vendor
260522,U007,2024-07-19T19:47:00,High value; New vendor
260523,U131,2024-07-19T19:47:00,New vendor
260537,U534,2024-07-19T19:48:00,New vendor
260543,U309,2024-07-19T19:49:00,New vendor
260557,U811,2024-07-19T19:50:00,New vendor
260558,U960,2024-07-19T19:50:00,New vendor
260562,U595,2024-07-19T19:51:00,New vendor
260580,U002,2024-07-19T19:55:00,New vendor
260582,U279,2024-07-19T19:55:00,High value; New vendor
260595,U246,2024-07-19T19:57:00,High value
260613,U634,2024-07-19T19:59:00,New vendor
260616,U345,2024-07-19T20:00:00,New vendor
260621,U745,2024-07-19T20:00:00,High value
260631,U597,2024-07-19T20:02:00,New vendor
260635,U125,2024-07-19T20:03:00,High value
260654,U059,2024-07-19T20:07:00,New vendor
260681,U672,2024-07-19T20:11:00,New vendor
260740,U928,2024-07-19T20:21:00,New vendor
260766,U956,2024-07-19T20:26:00,New vendor
260773,U755,2024-07-19T20:27:00,High value; New vendor
260777,U401,2024-07-19T20:28:00,New vendor
260788,U322,2024-07-19T20:30:00,High value
260794,U279,2024-07-19T20:31:00,New vendor
260822,U128,2024-07-19T20:35:00,New vendor
260824,U259,2024-07-19T20:35:00,New vendor
260825,U352,2024-07-19T20:35:00,High value
260840,U593,2024-07-19T20:37:00,New vendor
260853,U735,2024-07-19T20:39:00,High value
260875,U423,2024-07-19T20:42:00,New vendor
260918,U915,2024-07-19T20:49:00,New vendor
260936,U006,2024-07-19T20:52:00,High value
260937,U027,2024-07-19T20:52:00,High value; New vendor
260942,U165,2024-07-19T20:53:00,High value
260971,U549,2024-07-19T20:57:00,New vendor
260982,U534,2024-07-19T20:59:00,New vendor
261000,U139,2024-07-19T21:02:00,New vendor
261007,U232,2024-07-19T21:03:00,High value
261052,U536,2024-07-19T21:10:00,High value
261100,U960,2024-07-19T21:18:00,New vendor
261109,U269,2024-07-19T21:20:00,New vendor
261156,U367,2024-07-19T21:27:00,New vendor
261169,U878,2024-07-19T21:28:00,New vendor
261174,U725,2024-07-19T21:29:00,High value
261181,U706,2024-07-19T21:30:00,High value
261182,U745,2024-07-19T21:30:00,High value
261184,U937,2024-07-19T21:30:00,New vendor
261205,U594,2024-07-19T21:34:00,High value
261274,U716,2024-07-19T21:44:00,High value
261277,U760,2024-07-19T21:44:00,New vendor
261304,U299,2024-07-19T21:49:00,New vendor
261320,U643,2024-07-19T21:50:00,High value; New vendor
261323,U065,2024-07-19T21:51:00,High value
261328,U587,2024-07-19T21:51:00,New vendor
261332,U842,2024-07-19T21:51:00,New vendor
261377,U691,2024-07-19T21:58:00,High value; New vendor
261378,U884,2024-07-19T21:58:00,New vendor
261381,U025,2024-07-19T21:59:00,New vendor
261397,U461,2024-07-19T22:00:00,New vendor
261399,U725,2024-07-19T22:00:00,High value
261406,U587,2024-07-19T22:01:00,High value
261417,U142,2024-07-19T22:03:00,New vendor
261431,U029,2024-07-19T22:05:00,New vendor
261440,U984,2024-07-19T22:06:00,High value; New vendor
261464,U889,2024-07-19T22:10:00,New vendor
261476,U691,2024-07-19T22:12:00,High value
261481,U117,2024-07-19T22:13:00,New vendor
261487,U995,2024-07-19T22:13:00,New vendor
261493,U375,2024-07-19T22:15:00,New vendor
261497,U822,2024-07-19T22:15:00,New vendor
261501,U169,2024-07-19T22:16:00,High value; New vendor
261508,U819,2024-07-19T22:16:00,High value; New vendor
261520,U210,2024-07-19T22:19:00,New vendor
261532,U815,2024-07-19T22:20:00,New vendor
261536,U649,2024-07-19T22:21:00,New vendor
261537,U755,2024-07-19T22:21:00,New vendor
261543,U665,2024-07-19T22:22:00,New vendor
261546,U945,2024-07-19T22:22:00,High value
261621,U355,2024-07-19T22:34:00,High value
261630,U788,2024-07-19T22:35:00,New vendor
261635,U370,2024-07-19T22:36:00,High value
261640,U858,2024-07-19T22:36:00,High value
261645,U263,2024-07-19T22:38:00,New vendor
261648,U663,2024-07-19T22:38:00,High value; New vendor
261656,U380,2024-07-19T22:39:00,New vendor
261665,U291,2024-07-19T22:41:00,High value
261677,U448,2024-07-19T22:43:00,New vendor
261683,U430,2024-07-19T22:44:00,New vendor
261688,U152,2024-07-19T22:45:00,High value
261708,U363,2024-07-19T22:48:00,High value; New vendor
261710,U533,2024-07-19T22:48:00,New vendor
261713,U144,2024-07-19T22:49:00,High value
261717,U387,2024-07-19T22:49:00,New vendor
261719,U508,2024-07-19T22:49:00,New vendor
261763,U375,2024-07-19T22:57:00,High value
261778,U990,2024-07-19T22:58:00,New vendor
261788,U059,2024-07-19T23:01:00,New vendor
261794,U840,2024-07-19T23:01:00,High value; New vendor
261796,U026,2024-07-19T23:02:00,High value; New vendor
261814,U832,2024-07-19T23:04:00,High value
261819,U592,2024-07-19T23:05:00,New vendor
261836,U437,2024-07-19T23:07:00,New vendor
261857,U954,2024-07-19T23:10:00,New vendor
261860,U401,2024-07-19T23:11:00,New vendor
261861,U587,2024-07-19T23:11:00,High value
261869,U126,2024-07-19T23:12:00,New vendor
261880,U014,2024-07-19T23:14:00,High value
261895,U011,2024-07-19T23:16:00,New vendor
261924,U731,2024-07-19T23:20:00,High value
261938,U755,2024-07-19T23:22:00,New vendor
261951,U518,2024-07-19T23:25:00,High value
261961,U354,2024-07-19T23:27:00,New vendor
261972,U597,2024-07-19T23:28:00,New vendor
261995,U592,2024-07-19T23:31:00,New vendor
262011,U555,2024-07-19T23:33:00,New vendor
262016,U210,2024-07-19T23:34:00,High value
262025,U231,2024-07-19T23:35:00,High value
262039,U533,2024-07-19T23:36:00,New vendor
262057,U800,2024-07-19T23:39:00,New vendor
262071,U918,2024-07-19T23:41:00,New vendor
262072,U061,2024-07-19T23:42:00,High value
262073,U423,2024-07-19T23:42:00,New vendor
262082,U729,2024-07-19T23:44:00,High value
262118,U121,2024-07-19T23:49:00,New vendor
262123,U337,2024-07-19T23:50:00,New vendor
262128,U939,2024-07-19T23:50:00,New vendor
262140,U141,2024-07-19T23:52:00,New vendor
262147,U191,2024-07-19T23:53:00,New vendor
262160,U599,2024-07-19T23:55:00,New vendor
262166,U623,2024-07-19T23:57:00,New vendor
262172,U515,2024-07-19T23:58:00,New vendor
262173,U552,2024-07-19T23:58:00,New vendor
262181,U291,2024-07-19T23:59:00,High value; New vendor
262197,U986,2024-07-20T00:00:00,New vendor
262201,U857,2024-07-20T00:01:00,New vendor
262208,U126,2024-07-20T00:02:00,New vendor
262243,U002,2024-07-20T00:07:00,New vendor
262262,U870,2024-07-20T00:09:00,New vendor
262274,U539,2024-07-20T00:11:00,High value
262281,U658,2024-07-20T00:12:00,High value
262285,U145,2024-07-20T00:13:00,High value
262288,U426,2024-07-20T00:13:00,High value
262295,U470,2024-07-20T00:14:00,New vendor
262348,U046,2024-07-20T00:22:00,New vendor
262350,U937,2024-07-20T00:22:00,New vendor
262351,U344,2024-07-20T00:23:00,New vendor
262354,U657,2024-07-20T00:23:00,New vendor
262356,U293,2024-07-20T00:24:00,High value
262364,U290,2024-07-20T00:25:00,High value
262387,U840,2024-07-20T00:28:00,New vendor
262393,U792,2024-07-20T00:29:00,New vendor
262394,U061,2024-07-20T00:30:00,High value
262421,U555,2024-07-20T00:34:00,New vendor
262427,U055,2024-07-20T00:35:00,High value
262431,U705,2024-07-20T00:35:00,New vendor
262441,U210,2024-07-20T00:37:00,New vendor
262442,U241,2024-07-20T00:37:00,New vendor
262473,U435,2024-07-20T00:40:00,New vendor
262487,U533,2024-07-20T00:41:00,New vendor
262495,U002,2024-07-20T00:43:00,High value
262499,U959,2024-07-20T00:43:00,New vendor
262504,U808,2024-07-20T00:44:00,New vendor
262506,U858,2024-07-20T00:44:00,High value
262513,U473,2024-07-20T00:46:00,High value
262530,U893,2024-07-20T00:48:00,New vendor
262533,U423,2024-07-20T00:49:00,New vendor
262547,U623,2024-07-20T00:51:00,New vendor
262570,U655,2024-07-20T00:55:00,High value
262584,U552,2024-07-20T00:57:00,High value; New vendor
262594,U575,2024-07-20T00:58:00,High value
262599,U998,2024-07-20T00:58:00,High value
262626,U171,2024-07-20T01:02:00,High value
262652,U924,2024-07-20T01:05:00,High value; New vendor
262653,U042,2024-07-20T01:06:00,New vendor
262663,U402,2024-07-20T01:07:00,New vendor
262665,U904,2024-07-20T01:07:00,New vendor
262693,U327,2024-07-20T01:11:00,New vendor
262701,U071,2024-07-20T01:13:00,New vendor
262733,U274,2024-07-20T01:16:00,New vendor
262738,U309,2024-07-20T01:17:00,New vendor
262742,U534,2024-07-20T01:17:00,New vendor
262747,U923,2024-07-20T01:17:00,New vendor
262759,U263,2024-07-20T01:19:00,New vendor
262771,U233,2024-07-20T01:21:00,High value
262775,U014,2024-07-20T01:22:00,High value
262779,U146,2024-07-20T01:23:00,New vendor
262800,U429,2024-07-20T01:26:00,High value; New vendor
262806,U913,2024-07-20T01:27:00,New vendor
262811,U352,2024-07-20T01:28:00,High value
262813,U828,2024-07-20T01:28:00,New vendor
262818,U011,2024-07-20T01:30:00,New vendor
262822,U353,2024-07-20T01:30:00,New vendor
262850,U208,2024-07-20T01:35:00,New vendor
262876,U923,2024-07-20T01:37:00,New vendor
262883,U732,2024-07-20T01:38:00,High value; New vendor
262903,U657,2024-07-20T01:41:00,High value; New vendor
262916,U802,2024-07-20T01:43:00,High value; New vendor
262928,U128,2024-07-20T01:46:00,New vendor
262930,U373,2024-07-20T01:46:00,New vendor
262951,U665,2024-07-20T01:49:00,New vendor
262965,U169,2024-07-20T01:51:00,High value; New vendor
262970,U580,2024-07-20T01:51:00,High value
262984,U691,2024-07-20T01:54:00,New vendor
262991,U562,2024-07-20T01:55:00,High value
263001,U862,2024-07-20T01:56:00,New vendor
263002,U042,2024-07-20T01:57:00,New vendor
263017,U535,2024-07-20T02:00:00,High value
263046,U426,2024-07-20T02:05:00,New vendor
263051,U091,2024-07-20T02:06:00,New vendor
263060,U358,2024-07-20T02:07:00,High value
263073,U783,2024-07-20T02:09:00,New vendor
263094,U289,2024-07-20T02:14:00,New vendor
263108,U642,2024-07-20T02:15:00,New vendor
263109,U121,2024-07-20T02:16:00,New vendor
263110,U188,2024-07-20T02:16:00,New vendor
263121,U629,2024-07-20T02:17:00,New vendor
263123,U944,2024-07-20T02:17:00,New vendor
263152,U380,2024-07-20T02:21:00,New vendor
263159,U347,2024-07-20T02:22:00,High value; New vendor
263205,U093,2024-07-20T02:27:00,High value
263206,U207,2024-07-20T02:27:00,High value
263207,U225,2024-07-20T02:27:00,New vendor
263224,U871,2024-07-20T02:29:00,High value
263226,U251,2024-07-20T02:30:00,High value; New vendor
263241,U015,2024-07-20T02:33:00,New vendor
263247,U543,2024-07-20T02:34:00,New vendor
263250,U886,2024-07-20T02:34:00,New vendor
263259,U675,2024-07-20T02:36:00,High value
263269,U871,2024-07-20T02:37:00,High value
263273,U262,2024-07-20T02:38:00,New vendor
263274,U392,2024-07-20T02:38:00,New vendor
263275,U499,2024-07-20T02:38:00,High value; New vendor
263291,U119,2024-07-20T02:40:00,New vendor
263304,U042,2024-07-20T02:42:00,New vendor
263320,U056,2024-07-20T02:45:00,High value
263331,U582,2024-07-20T02:47:00,High value
263333,U870,2024-07-20T02:47:00,New vendor
263353,U766,2024-07-20T02:50:00,New vendor
263370,U970,2024-07-20T02:53:00,High value
263398,U254,2024-07-20T02:58:00,New vendor
263413,U993,2024-07-20T02:59:00,New vendor
263421,U490,2024-07-20T03:01:00,New vendor
263433,U616,2024-07-20T03:03:00,High value
263449,U202,2024-07-20T03:05:00,New vendor
263452,U508,2024-07-20T03:05:00,New vendor
263456,U959,2024-07-20T03:06:00,New vendor
263458,U262,2024-07-20T03:07:00,New vendor
263467,U122,2024-07-20T03:08:00,New vendor
263474,U193,2024-07-20T03:09:00,High value; New vendor
263491,U570,2024-07-20T03:11:00,High value; New vendor
263504,U149,2024-07-20T03:13:00,New vendor
263508,U526,2024-07-20T03:13:00,New vendor
263518,U487,2024-07-20T03:14:00,New vendor
263521,U837,2024-07-20T03:14:00,New vendor
263531,U347,2024-07-20T03:16:00,New vendor
263550,U265,2024-07-20T03:19:00,New vendor
263555,U495,2024-07-20T03:20:00,New vendor
263568,U126,2024-07-20T03:23:00,New vendor
263582,U566,2024-07-20T03:25:00,High value; New vendor
263586,U498,2024-07-20T03:26:00,New vendor
263595,U527,2024-07-20T03:27:00,New vendor
263603,U224,2024-07-20T03:29:00,New vendor
263605,U469,2024-07-20T03:29:00,High value
263616,U560,2024-07-20T03:30:00,High value
263617,U875,2024-07-20T03:30:00,High value
263619,U993,2024-07-20T03:30:00,High value
263630,U787,2024-07-20T03:32:00,New vendor
263638,U656,2024-07-20T03:33:00,New vendor
263640,U956,2024-07-20T03:33:00,High value; New vendor
263645,U439,2024-07-20T03:34:00,High value
263652,U116,2024-07-20T03:35:00,New vendor
263654,U248,2024-07-20T03:35:00,High value
263655,U322,2024-07-20T03:35:00,High value
263665,U586,2024-07-20T03:36:00,New vendor
263715,U438,2024-07-20T03:44:00,New vendor
263728,U551,2024-07-20T03:47:00,New vendor
263743,U553,2024-07-20T03:49:00,New vendor
263751,U126,2024-07-20T03:51:00,New vendor
263784,U694,2024-07-20T03:55:00,High value
263802,U639,2024-07-20T03:58:00,New vendor
263803,U805,2024-07-20T03:58:00,New vendor
263804,U827,2024-07-20T03:58:00,High value
263808,U682,2024-07-20T03:59:00,High value
263819,U373,2024-07-20T04:01:00,New vendor
263839,U423,2024-07-20T04:05:00,New vendor
263846,U071,2024-07-20T04:06:00,New vendor
263865,U591,2024-07-20T04:09:00,High value
263882,U649,2024-07-20T04:11:00,New vendor
263893,U190,2024-07-20T04:13:00,New vendor
263910,U166,2024-07-20T04:15:00,High value; New vendor
263930,U481,2024-07-20T04:19:00,High value
263972,U074,2024-07-20T04:25:00,High value
264006,U010,2024-07-20T04:31:00,High value
264021,U705,2024-07-20T04:32:00,New vendor
264025,U347,2024-07-20T04:33:00,High value; New vendor
264050,U551,2024-07-20T04:36:00,New vendor
264057,U818,2024-07-20T04:37:00,High value
264059,U762,2024-07-20T04:38:00,New vendor
264062,U020,2024-07-20T04:39:00,New vendor
264065,U448,2024-07-20T04:39:00,New vendor
264076,U314,2024-07-20T04:42:00,High value
264093,U958,2024-07-20T04:44:00,High value
264094,U015,2024-07-20T04:45:00,High value
264127,U993,2024-07-20T04:48:00,New vendor
264138,U527,2024-07-20T04:50:00,High value; New vendor
264145,U110,2024-07-20T04:51:00,High value
264158,U092,2024-07-20T04:53:00,New vendor
264176,U643,2024-07-20T04:55:00,New vendor
264181,U350,2024-07-20T04:56:00,High value; New vendor
264201,U015,2024-07-20T04:59:00,New vendor
264245,U289,2024-07-20T05:07:00,High value; New vendor
264265,U352,2024-07-20T05:10:00,High value
264292,U716,2024-07-20T05:15:00,High value
264298,U595,2024-07-20T05:16:00,New vendor
264332,U529,2024-07-20T05:21:00,High value
264341,U798,2024-07-20T05:23:00,New vendor
264401,U717,2024-07-20T05:33:00,High value
264414,U549,2024-07-20T05:35:00,New vendor
264429,U985,2024-07-20T05:36:00,New vendor
264440,U527,2024-07-20T05:38:00,New vendor
264457,U560,2024-07-20T05:41:00,High value
264458,U700,2024-07-20T05:41:00,High value
264469,U933,2024-07-20T05:43:00,New vendor
264496,U498,2024-07-20T05:47:00,High value; New vendor
264499,U838,2024-07-20T05:47:00,High value
264547,U091,2024-07-20T05:54:00,New vendor
264579,U661,2024-07-20T05:58:00,High value
264585,U212,2024-07-20T05:59:00,New vendor
264598,U373,2024-07-20T06:01:00,High value; New vendor
264601,U684,2024-07-20T06:01:00,New vendor
264604,U134,2024-07-20T06:02:00,New vendor
264646,U661,2024-07-20T06:09:00,New vendor
264650,U1000,2024-07-20T06:09:00,New vendor
264665,U001,2024-07-20T06:12:00,New vendor
264666,U003,2024-07-20T06:12:00,New vendor
264689,U330,2024-07-20T06:16:00,New vendor
264731,U934,2024-07-20T06:21:00,New vendor
264742,U615,2024-07-20T06:23:00,High value
264746,U515,2024-07-20T06:24:00,New vendor
264749,U038,2024-07-20T06:25:00,High value
264751,U336,2024-07-20T06:25:00,New vendor
264770,U595,2024-07-20T06:28:00,New vendor
264771,U600,2024-07-20T06:28:00,High value
264775,U069,2024-07-20T06:30:00,High value; New vendor
264817,U587,2024-07-20T06:35:00,High value
264835,U629,2024-07-20T06:37:00,High value; New vendor
264843,U259,2024-07-20T06:39:00,New vendor
264848,U846,2024-07-20T06:39:00,High value
264856,U956,2024-07-20T06:40:00,New vendor
264865,U972,2024-07-20T06:41:00,New vendor
264881,U051,2024-07-20T06:44:00,High value
264893,U177,2024-07-20T06:46:00,High value; New vendor
264901,U068,2024-07-20T06:47:00,New vendor
264921,U575,2024-07-20T06:50:00,New vendor
264942,U228,2024-07-20T06:54:00,New vendor
264964,U478,2024-07-20T06:56:00,High value
264966,U739,2024-07-20T06:56:00,New vendor
264994,U852,2024-07-20T07:01:00,High value
265008,U438,2024-07-20T07:04:00,New vendor
265028,U324,2024-07-20T07:08:00,High value
265033,U845,2024-07-20T07:08:00,New vendor
265075,U124,2024-07-20T07:18:00,High value
265089,U534,2024-07-20T07:20:00,High value
265092,U115,2024-07-20T07:21:00,New vendor
265119,U1000,2024-07-20T07:23:00,New vendor
265142,U114,2024-07-20T07:27:00,New vendor
265146,U642,2024-07-20T07:27:00,New vendor
265148,U802,2024-07-20T07:27:00,New vendor
265153,U500,2024-07-20T07:28:00,New vendor
265155,U734,2024-07-20T07:28:00,New vendor
265168,U148,2024-07-20T07:31:00,High value
265174,U498,2024-07-20T07:32:00,New vendor
265175,U563,2024-07-20T07:32:00,New vendor
265178,U925,2024-07-20T07:32:00,New vendor
265190,U446,2024-07-20T07:35:00,New vendor
265195,U699,2024-07-20T07:35:00,High value
265213,U330,2024-07-20T07:38:00,High value; New vendor
265246,U624,2024-07-20T07:44:00,New vendor
265265,U228,2024-07-20T07:47:00,New vendor
265304,U185,2024-07-20T07:54:00,High value
265344,U813,2024-07-20T07:59:00,New vendor
265346,U962,2024-07-20T07:59:00,High value
265352,U994,2024-07-20T08:00:00,New vendor
265374,U096,2024-07-20T08:04:00,High value
265376,U434,2024-07-20T08:04:00,New vendor
265396,U800,2024-07-20T08:07:00,New vendor
265398,U114,2024-07-20T08:08:00,New vendor
265400,U435,2024-07-20T08:08:00,New vendor
265408,U930,2024-07-20T08:08:00,High value
265431,U931,2024-07-20T08:13:00,High value
265432,U087,2024-07-20T08:14:00,New vendor
265462,U667,2024-07-20T08:17:00,New vendor
265476,U633,2024-07-20T08:19:00,High value; New vendor
265497,U338,2024-07-20T08:23:00,New vendor
265506,U117,2024-07-20T08:25:00,High value
265513,U832,2024-07-20T08:25:00,High value
265519,U827,2024-07-20T08:26:00,High value
265522,U389,2024-07-20T08:27:00,New vendor
265534,U596,2024-07-20T08:29:00,High value; New vendor
265540,U081,2024-07-20T08:30:00,High value
265550,U674,2024-07-20T08:31:00,High value
265551,U692,2024-07-20T08:31:00,High value; New vendor
265580,U290,2024-07-20T08:36:00,New vendor
265591,U987,2024-07-20T08:37:00,High value; New vendor
265593,U068,2024-07-20T08:38:00,New vendor
265627,U808,2024-07-20T08:42:00,High value; New vendor
265630,U642,2024-07-20T08:43:00,New vendor
265633,U139,2024-07-20T08:44:00,High value
265644,U463,2024-07-20T08:45:00,New vendor
265655,U375,2024-07-20T08:47:00,New vendor
265663,U279,2024-07-20T08:48:00,New vendor
265690,U644,2024-07-20T08:53:00,New vendor
265697,U707,2024-07-20T08:54:00,High value
265707,U464,2024-07-20T08:57:00,New vendor
265718,U806,2024-07-20T09:00:00,High value; New vendor
265730,U495,2024-07-20T09:03:00,New vendor
265741,U074,2024-07-20T09:05:00,High value
265759,U917,2024-07-20T09:09:00,High value
265772,U662,2024-07-20T09:11:00,High value
265807,U651,2024-07-20T09:17:00,New vendor
265823,U493,2024-07-20T09:20:00,High value
265840,U288,2024-07-20T09:23:00,High value; New vendor
265850,U323,2024-07-20T09:24:00,New vendor
265891,U284,2024-07-20T09:31:00,New vendor
265911,U197,2024-07-20T09:34:00,High value
265916,U130,2024-07-20T09:35:00,New vendor
265928,U939,2024-07-20T09:36:00,High value; New vendor
265941,U647,2024-07-20T09:39:00,High value
265961,U507,2024-07-20T09:42:00,New vendor
265999,U640,2024-07-20T09:47:00,High value
266006,U592,2024-07-20T09:48:00,High value; New vendor
266022,U586,2024-07-20T09:50:00,New vendor
266025,U410,2024-07-20T09:51:00,New vendor
266029,U950,2024-07-20T09:51:00,High value
266051,U675,2024-07-20T09:54:00,High value
266055,U375,2024-07-20T09:55:00,New vendor
266064,U553,2024-07-20T09:56:00,New vendor
266091,U850,2024-07-20T10:00:00,New vendor
266096,U167,2024-07-20T10:01:00,New vendor
266098,U389,2024-07-20T10:01:00,New vendor
266099,U561,2024-07-20T10:01:00,High value; New vendor
266141,U557,2024-07-20T10:09:00,New vendor
266161,U333,2024-07-20T10:13:00,High value; New vendor
266163,U552,2024-07-20T10:13:00,High value; New vendor
266164,U594,2024-07-20T10:13:00,New vendor
266182,U813,2024-07-20T10:16:00,High value
266191,U350,2024-07-20T10:18:00,High value; New vendor
266193,U016,2024-07-20T10:19:00,New vendor
266199,U920,2024-07-20T10:20:00,High value
266242,U139,2024-07-20T10:28:00,New vendor
266267,U523,2024-07-20T10:31:00,High value; New vendor
266304,U337,2024-07-20T10:37:00,New vendor
266317,U253,2024-07-20T10:39:00,High value
266354,U761,2024-07-20T10:45:00,High value
266364,U966,2024-07-20T10:46:00,New vendor
266367,U473,2024-07-20T10:47:00,New vendor
266380,U365,2024-07-20T10:49:00,New vendor
266384,U323,2024-07-20T10:50:00,New vendor
266391,U148,2024-07-20T10:51:00,New vendor
266406,U536,2024-07-20T10:53:00,High value
266432,U592,2024-07-20T10:57:00,New vendor
266444,U669,2024-07-20T10:59:00,New vendor
266445,U850,2024-07-20T10:59:00,New vendor
266448,U601,2024-07-20T11:00:00,New vendor
266456,U597,2024-07-20T11:02:00,New vendor
266467,U646,2024-07-20T11:03:00,New vendor
266469,U982,2024-07-20T11:03:00,High value
266499,U895,2024-07-20T11:09:00,High value
266510,U343,2024-07-20T11:11:00,New vendor
266528,U093,2024-07-20T11:14:00,High value
266536,U070,2024-07-20T11:16:00,High value
266545,U338,2024-07-20T11:17:00,New vendor
266560,U468,2024-07-20T11:19:00,High value
266585,U131,2024-07-20T11:24:00,High value
266604,U597,2024-07-20T11:26:00,High value
266630,U092,2024-07-20T11:30:00,New vendor
266659,U557,2024-07-20T11:35:00,New vendor
266687,U775,2024-07-20T11:39:00,High value
266714,U892,2024-07-20T11:43:00,High value; New vendor
266748,U126,2024-07-20T11:49:00,New vendor
266749,U296,2024-07-20T11:49:00,High value
266820,U806,2024-07-20T12:00:00,High value; New vendor
266822,U128,2024-07-20T12:01:00,New vendor
266824,U434,2024-07-20T12:02:00,High value; New vendor
266837,U966,2024-07-20T12:04:00,New vendor
266846,U995,2024-07-20T12:05:00,New vendor
266861,U335,2024-07-20T12:07:00,New vendor
266891,U590,2024-07-20T12:12:00,New vendor
266907,U865,2024-07-20T12:14:00,High value
266909,U936,2024-07-20T12:14:00,High value; New vendor
266915,U994,2024-07-20T12:15:00,New vendor
266940,U797,2024-07-20T12:19:00,High value
266941,U800,2024-07-20T12:19:00,High value
266946,U137,2024-07-20T12:21:00,New vendor
266953,U769,2024-07-20T12:22:00,High value
266964,U430,2024-07-20T12:24:00,New vendor
266966,U376,2024-07-20T12:25:00,High value
266988,U254,2024-07-20T12:29:00,New vendor
266997,U806,2024-07-20T12:30:00,New vendor
267015,U345,2024-07-20T12:33:00,New vendor
267025,U123,2024-07-20T12:35:00,New vendor
267037,U753,2024-07-20T12:36:00,New vendor
267045,U224,2024-07-20T12:38:00,New vendor
267053,U055,2024-07-20T12:39:00,High value
267055,U420,2024-07-20T12:39:00,High value
267059,U099,2024-07-20T12:40:00,New vendor
267064,U640,2024-07-20T12:40:00,High value
267076,U593,2024-07-20T12:43:00,New vendor
267113,U533,2024-07-20T12:50:00,New vendor
267114,U739,2024-07-20T12:50:00,New vendor
267116,U191,2024-07-20T12:51:00,New vendor
267129,U375,2024-07-20T12:54:00,High value
267149,U526,2024-07-20T12:57:00,New vendor
267165,U265,2024-07-20T12:59:00,New vendor
267185,U095,2024-07-20T13:02:00,New vendor
267188,U934,2024-07-20T13:02:00,High value; New vendor
267215,U417,2024-07-20T13:08:00,High value
267218,U375,2024-07-20T13:09:00,New vendor
267220,U639,2024-07-20T13:09:00,New vendor
267238,U643,2024-07-20T13:11:00,New vendor
267244,U450,2024-07-20T13:13:00,New vendor
267267,U387,2024-07-20T13:16:00,New vendor
267281,U557,2024-07-20T13:19:00,New vendor
267306,U123,2024-07-20T13:23:00,New vendor
267335,U096,2024-07-20T13:27:00,New vendor
267339,U651,2024-07-20T13:27:00,High value; New vendor
267342,U886,2024-07-20T13:27:00,New vendor
267448,U802,2024-07-20T13:45:00,New vendor
267451,U970,2024-07-20T13:45:00,High value
267491,U337,2024-07-20T13:51:00,New vendor
267509,U336,2024-07-20T13:55:00,New vendor
267534,U380,2024-07-20T13:59:00,New vendor
267538,U413,2024-07-20T14:00:00,New vendor
267545,U191,2024-07-20T14:01:00,New vendor
267555,U344,2024-07-20T14:03:00,New vendor
267575,U639,2024-07-20T14:05:00,High value; New vendor
267614,U978,2024-07-20T14:13:00,New vendor
267619,U815,2024-07-20T14:14:00,High value
267647,U930,2024-07-20T14:19:00,High value
267650,U660,2024-07-20T14:20:00,New vendor
267651,U739,2024-07-20T14:20:00,New vendor
267666,U972,2024-07-20T14:22:00,New vendor
267680,U327,2024-07-20T14:25:00,High value
267687,U860,2024-07-20T14:25:00,New vendor
267705,U141,2024-07-20T14:30:00,New vendor
267715,U529,2024-07-20T14:31:00,High value
267717,U868,2024-07-20T14:31:00,High value
267721,U363,2024-07-20T14:32:00,New vendor
267736,U212,2024-07-20T14:34:00,New vendor
267742,U344,2024-07-20T14:35:00,New vendor
267753,U523,2024-07-20T14:37:00,New vendor
267764,U563,2024-07-20T14:39:00,New vendor
267766,U167,2024-07-20T14:40:00,High value; New vendor
267781,U432,2024-07-20T14:42:00,New vendor
267782,U752,2024-07-20T14:42:00,High value
267798,U241,2024-07-20T14:46:00,High value
267800,U562,2024-07-20T14:46:00,High value
267811,U377,2024-07-20T14:48:00,High value
267843,U619,2024-07-20T14:54:00,New vendor
267854,U588,2024-07-20T14:55:00,High value
267865,U420,2024-07-20T14:57:00,High value
267884,U987,2024-07-20T14:59:00,New vendor
267893,U593,2024-07-20T15:01:00,High value
267895,U648,2024-07-20T15:01:00,New vendor
267924,U952,2024-07-20T15:06:00,High value
267936,U805,2024-07-20T15:08:00,High value; New vendor
267939,U617,2024-07-20T15:09:00,High value
267963,U593,2024-07-20T15:14:00,New vendor
267985,U405,2024-07-20T15:18:00,New vendor
267987,U473,2024-07-20T15:18:00,New vendor
267992,U903,2024-07-20T15:18:00,New vendor
267995,U545,2024-07-20T15:19:00,High value
268010,U368,2024-07-20T15:22:00,New vendor
268012,U666,2024-07-20T15:22:00,New vendor
268025,U629,2024-07-20T15:24:00,New vendor
268035,U682,2024-07-20T15:25:00,High value
268050,U531,2024-07-20T15:28:00,New vendor
268059,U806,2024-07-20T15:31:00,New vendor
268073,U814,2024-07-20T15:33:00,High value
268078,U280,2024-07-20T15:35:00,New vendor
268091,U727,2024-07-20T15:36:00,High value
268103,U191,2024-07-20T15:39:00,High value
268106,U507,2024-07-20T15:39:00,New vendor
268120,U293,2024-07-20T15:41:00,High value
268127,U798,2024-07-20T15:42:00,New vendor
268129,U035,2024-07-20T15:43:00,High value
268160,U607,2024-07-20T15:46:00,New vendor
268170,U932,2024-07-20T15:47:00,High value
268171,U001,2024-07-20T15:48:00,High value
268187,U811,2024-07-20T15:50:00,New vendor
268222,U105,2024-07-20T15:56:00,High value
268235,U471,2024-07-20T15:59:00,New vendor
268251,U112,2024-07-20T16:02:00,High value
268259,U032,2024-07-20T16:03:00,High value; New vendor
268275,U095,2024-07-20T16:06:00,New vendor
268279,U806,2024-07-20T16:06:00,New vendor
268310,U711,2024-07-20T16:10:00,New vendor
268331,U880,2024-07-20T16:14:00,High value; New vendor
268343,U380,2024-07-20T16:17:00,New vendor
268364,U075,2024-07-20T16:20:00,New vendor
268372,U389,2024-07-20T16:21:00,New vendor
268394,U243,2024-07-20T16:26:00,New vendor
268423,U723,2024-07-20T16:32:00,High value
268433,U718,2024-07-20T16:34:00,High value
268434,U301,2024-07-20T16:35:00,New vendor
268436,U590,2024-07-20T16:35:00,New vendor
268465,U933,2024-07-20T16:40:00,High value; New vendor
268487,U727,2024-07-20T16:45:00,High value
268519,U114,2024-07-20T16:52:00,New vendor
268561,U662,2024-07-20T16:59:00,High value
268564,U994,2024-07-20T16:59:00,New vendor
268600,U555,2024-07-20T17:04:00,New vendor
268611,U468,2024-07-20T17:06:00,High value
268626,U471,2024-07-20T17:09:00,High value; New vendor
268641,U027,2024-07-20T17:12:00,New vendor
268643,U638,2024-07-20T17:12:00,High value; New vendor
268657,U985,2024-07-20T17:14:00,New vendor
268682,U358,2024-07-20T17:18:00,High value
268699,U627,2024-07-20T17:21:00,High value
268727,U289,2024-07-20T17:27:00,High value
268739,U648,2024-07-20T17:29:00,New vendor
268755,U002,2024-07-20T17:31:00,New vendor
268778,U925,2024-07-20T17:34:00,New vendor
268781,U462,2024-07-20T17:35:00,High value
268810,U177,2024-07-20T17:39:00,New vendor
268811,U251,2024-07-20T17:39:00,High value
268812,U343,2024-07-20T17:39:00,New vendor
268829,U932,2024-07-20T17:42:00,High value
268858,U454,2024-07-20T17:48:00,High value
268880,U978,2024-07-20T17:51:00,New vendor
268885,U519,2024-07-20T17:52:00,High value
268900,U158,2024-07-20T17:55:00,New vendor
268913,U410,2024-07-20T17:57:00,New vendor
268927,U177,2024-07-20T17:59:00,High value
268929,U438,2024-07-20T17:59:00,New vendor
268936,U531,2024-07-20T18:00:00,New vendor
268939,U952,2024-07-20T18:00:00,New vendor
268968,U903,2024-07-20T18:04:00,New vendor
268971,U542,2024-07-20T18:05:00,New vendor
268981,U265,2024-07-20T18:08:00,New vendor
268992,U515,2024-07-20T18:10:00,New vendor
269008,U216,2024-07-20T18:13:00,New vendor
269031,U522,2024-07-20T18:17:00,New vendor
269054,U887,2024-07-20T18:20:00,High value
269055,U952,2024-07-20T18:20:00,High value; New vendor
269064,U987,2024-07-20T18:21:00,New vendor
269081,U074,2024-07-20T18:25:00,High value; New vendor
269112,U913,2024-07-20T18:30:00,New vendor
269115,U063,2024-07-20T18:31:00,New vendor
269131,U253,2024-07-20T18:33:00,High value
269172,U586,2024-07-20T18:41:00,New vendor
269176,U474,2024-07-20T18:42:00,High value; New vendor
269187,U299,2024-07-20T18:44:00,New vendor
269214,U081,2024-07-20T18:49:00,High value
269221,U702,2024-07-20T18:50:00,New vendor
269232,U813,2024-07-20T18:52:00,New vendor
269249,U369,2024-07-20T18:55:00,New vendor
269260,U275,2024-07-20T18:58:00,High value; New vendor
269271,U602,2024-07-20T18:59:00,New vendor
269278,U692,2024-07-20T19:00:00,New vendor
269283,U335,2024-07-20T19:01:00,New vendor
269284,U426,2024-07-20T19:01:00,New vendor
269294,U338,2024-07-20T19:03:00,New vendor
269312,U547,2024-07-20T19:06:00,New vendor
269332,U644,2024-07-20T19:10:00,New vendor
269337,U187,2024-07-20T19:11:00,New vendor
269350,U699,2024-07-20T19:13:00,High value; New vendor
269352,U392,2024-07-20T19:14:00,New vendor
269364,U139,2024-07-20T19:17:00,New vendor
269368,U722,2024-07-20T19:17:00,New vendor
269371,U918,2024-07-20T19:17:00,New vendor
269376,U460,2024-07-20T19:18:00,High value
269386,U671,2024-07-20T19:19:00,New vendor
269394,U784,2024-07-20T19:20:00,New vendor
269409,U703,2024-07-20T19:23:00,High value
269418,U674,2024-07-20T19:24:00,High value
269423,U886,2024-07-20T19:24:00,New vendor
269426,U358,2024-07-20T19:25:00,New vendor
269427,U121,2024-07-20T19:26:00,New vendor
269445,U387,2024-07-20T19:29:00,High value
269463,U811,2024-07-20T19:32:00,New vendor
269473,U229,2024-07-20T19:34:00,New vendor
269485,U938,2024-07-20T19:37:00,High value
269510,U496,2024-07-20T19:42:00,New vendor
269515,U903,2024-07-20T19:42:00,New vendor
269517,U364,2024-07-20T19:43:00,New vendor
269519,U563,2024-07-20T19:43:00,New vendor
269538,U813,2024-07-20T19:46:00,New vendor
269540,U080,2024-07-20T19:47:00,New vendor
269573,U993,2024-07-20T19:51:00,New vendor
269582,U259,2024-07-20T19:54:00,New vendor
269586,U953,2024-07-20T19:54:00,High value
269594,U241,2024-07-20T19:56:00,New vendor
269620,U886,2024-07-20T20:00:00,New vendor
269623,U354,2024-07-20T20:01:00,New vendor
269626,U644,2024-07-20T20:02:00,High value; New vendor
269655,U498,2024-07-20T20:07:00,New vendor
269659,U139,2024-07-20T20:08:00,High value
269668,U017,2024-07-20T20:10:00,New vendor
269676,U435,2024-07-20T20:10:00,New vendor
269703,U985,2024-07-20T20:14:00,New vendor
269714,U011,2024-07-20T20:17:00,High value; New vendor
269715,U118,2024-07-20T20:17:00,High value
269721,U717,2024-07-20T20:18:00,High value
269732,U064,2024-07-20T20:21:00,High value
269745,U629,2024-07-20T20:23:00,High value
269755,U190,2024-07-20T20:26:00,New vendor
269767,U938,2024-07-20T20:29:00,High value
269774,U251,2024-07-20T20:32:00,High value
269775,U380,2024-07-20T20:32:00,New vendor
269795,U984,2024-07-20T20:34:00,New vendor
269801,U459,2024-07-20T20:36:00,High value
269809,U291,2024-07-20T20:37:00,New vendor
269813,U146,2024-07-20T20:38:00,New vendor
269819,U590,2024-07-20T20:39:00,New vendor
269841,U755,2024-07-20T20:42:00,New vendor
269854,U814,2024-07-20T20:44:00,High value
269858,U389,2024-07-20T20:45:00,New vendor
269859,U629,2024-07-20T20:45:00,High value
269862,U811,2024-07-20T20:45:00,New vendor
269873,U074,2024-07-20T20:48:00,New vendor
269917,U406,2024-07-20T20:56:00,New vendor
269919,U502,2024-07-20T20:56:00,New vendor
269927,U118,2024-07-20T20:58:00,New vendor
269934,U288,2024-07-20T20:59:00,New vendor
269938,U722,2024-07-20T20:59:00,New vendor
269953,U913,2024-07-20T21:02:00,New vendor
269966,U220,2024-07-20T21:05:00,New vendor
269976,U358,2024-07-20T21:07:00,New vendor
269981,U995,2024-07-20T21:07:00,New vendor
269982,U300,2024-07-20T21:08:00,High value
270050,U605,2024-07-20T21:18:00,New vendor
270088,U531,2024-07-20T21:25:00,New vendor
270124,U454,2024-07-20T21:34:00,High value
270167,U586,2024-07-20T21:41:00,New vendor
270168,U566,2024-07-20T21:42:00,High value
270175,U944,2024-07-20T21:43:00,New vendor
270188,U368,2024-07-20T21:46:00,New vendor
270201,U279,2024-07-20T21:48:00,New vendor
270223,U006,2024-07-20T21:53:00,High value
270226,U663,2024-07-20T21:53:00,High value; New vendor
270231,U375,2024-07-20T21:55:00,New vendor
270273,U152,2024-07-20T22:04:00,High value; New vendor
270293,U319,2024-07-20T22:08:00,New vendor
270295,U458,2024-07-20T22:08:00,New vendor
270306,U322,2024-07-20T22:10:00,High value
270326,U781,2024-07-20T22:14:00,High value; New vendor
270349,U134,2024-07-20T22:19:00,New vendor
270362,U527,2024-07-20T22:21:00,High value
270389,U990,2024-07-20T22:25:00,New vendor
270397,U584,2024-07-20T22:26:00,New vendor
270404,U142,2024-07-20T22:27:00,New vendor
270417,U295,2024-07-20T22:29:00,High value
270434,U765,2024-07-20T22:31:00,High value
270436,U056,2024-07-20T22:32:00,New vendor
270437,U109,2024-07-20T22:32:00,High value
270439,U326,2024-07-20T22:32:00,High value
270440,U597,2024-07-20T22:32:00,New vendor
270447,U333,2024-07-20T22:33:00,New vendor
270458,U146,2024-07-20T22:34:00,New vendor
270469,U855,2024-07-20T22:36:00,High value
270489,U387,2024-07-20T22:40:00,High value; New vendor
270497,U567,2024-07-20T22:41:00,High value
270535,U546,2024-07-20T22:48:00,New vendor
270536,U978,2024-07-20T22:48:00,New vendor
270545,U506,2024-07-20T22:50:00,High value
270580,U754,2024-07-20T22:57:00,High value; New vendor
270588,U461,2024-07-20T22:59:00,New vendor
270613,U023,2024-07-20T23:06:00,New vendor
270635,U917,2024-07-20T23:08:00,New vendor
270648,U674,2024-07-20T23:12:00,High value
270652,U775,2024-07-20T23:13:00,High value
270655,U193,2024-07-20T23:14:00,High value
270660,U454,2024-07-20T23:15:00,High value
270678,U549,2024-07-20T23:18:00,New vendor
270705,U828,2024-07-20T23:22:00,High value
270718,U629,2024-07-20T23:25:00,High value
270725,U047,2024-07-20T23:27:00,High value; New vendor
270733,U063,2024-07-20T23:29:00,New vendor
270736,U722,2024-07-20T23:29:00,High value; New vendor
270742,U602,2024-07-20T23:30:00,New vendor
270743,U090,2024-07-20T23:31:00,New vendor
270763,U648,2024-07-20T23:34:00,New vendor
270803,U913,2024-07-20T23:42:00,New vendor
270813,U489,2024-07-20T23:44:00,New vendor
270817,U878,2024-07-20T23:45:00,New vendor
270838,U819,2024-07-20T23:49:00,New vendor
270847,U344,2024-07-20T23:52:00,New vendor
270850,U110,2024-07-20T23:53:00,High value
270851,U223,2024-07-20T23:53:00,New vendor
270882,U146,2024-07-20T23:58:00,New vendor
270889,U141,2024-07-20T23:59:00,New vendor
270894,U828,2024-07-21T00:00:00,New vendor
270898,U353,2024-07-21T00:01:00,New vendor
270922,U345,2024-07-21T00:05:00,New vendor
270950,U203,2024-07-21T00:10:00,High value
270972,U575,2024-07-21T00:13:00,New vendor
270976,U322,2024-07-21T00:14:00,High value
270977,U485,2024-07-21T00:14:00,New vendor
270988,U828,2024-07-21T00:15:00,New vendor
271010,U408,2024-07-21T00:18:00,High value
271012,U709,2024-07-21T00:18:00,High value; New vendor
271016,U174,2024-07-21T00:19:00,High value
271034,U542,2024-07-21T00:23:00,High value; New vendor
271063,U495,2024-07-21T00:28:00,New vendor
271078,U787,2024-07-21T00:31:00,New vendor
271080,U061,2024-07-21T00:32:00,New vendor
271094,U447,2024-07-21T00:34:00,New vendor
271101,U059,2024-07-21T00:36:00,New vendor
271113,U368,2024-07-21T00:37:00,High value; New vendor
271135,U023,2024-07-21T00:42:00,New vendor
271155,U545,2024-07-21T00:45:00,New vendor
271157,U607,2024-07-21T00:45:00,New vendor
271163,U765,2024-07-21T00:46:00,New vendor
271175,U133,2024-07-21T00:49:00,High value
271191,U848,2024-07-21T00:51:00,High value
271213,U783,2024-07-21T00:54:00,New vendor
271231,U570,2024-07-21T00:57:00,High value
271247,U020,2024-07-21T01:02:00,New vendor
271255,U158,2024-07-21T01:03:00,New vendor
271257,U354,2024-07-21T01:03:00,New vendor
271269,U774,2024-07-21T01:05:00,High value
271285,U169,2024-07-21T01:08:00,High value; New vendor
271292,U507,2024-07-21T01:09:00,New vendor
271296,U663,2024-07-21T01:09:00,New vendor
271302,U878,2024-07-21T01:10:00,New vendor
271335,U299,2024-07-21T01:17:00,New vendor
271339,U815,2024-07-21T01:17:00,High value
271357,U563,2024-07-21T01:22:00,High value; New vendor
271373,U259,2024-07-21T01:26:00,New vendor
271377,U061,2024-07-21T01:27:00,High value
271387,U319,2024-07-21T01:28:00,New vendor
271392,U667,2024-07-21T01:29:00,High value; New vendor
271397,U137,2024-07-21T01:30:00,New vendor
271402,U994,2024-07-21T01:30:00,New vendor
271409,U429,2024-07-21T01:32:00,New vendor
271410,U925,2024-07-21T01:32:00,New vendor
271414,U729,2024-07-21T01:33:00,High value
271448,U430,2024-07-21T01:41:00,High value; New vendor
271456,U500,2024-07-21T01:43:00,New vendor
271458,U553,2024-07-21T01:43:00,New vendor
271460,U092,2024-07-21T01:44:00,New vendor
271475,U147,2024-07-21T01:47:00,High value
271487,U973,2024-07-21T01:48:00,High value
271514,U104,2024-07-21T01:54:00,New vendor
271521,U495,2024-07-21T01:55:00,New vendor
271537,U100,2024-07-21T01:58:00,New vendor
271552,U495,2024-07-21T02:02:00,New vendor
271579,U813,2024-07-21T02:07:00,New vendor
271589,U728,2024-07-21T02:09:00,New vendor
271601,U166,2024-07-21T02:12:00,High value; New vendor
271625,U765,2024-07-21T02:15:00,New vendor
271660,U560,2024-07-21T02:21:00,High value
271678,U649,2024-07-21T02:25:00,High value
271691,U864,2024-07-21T02:27:00,High value
271703,U806,2024-07-21T02:30:00,New vendor
271705,U266,2024-07-21T02:31:00,High value
271734,U006,2024-07-21T02:36:00,High value
271770,U819,2024-07-21T02:42:00,High value
271795,U133,2024-07-21T02:46:00,High value
271803,U299,2024-07-21T02:48:00,High value; New vendor
271806,U674,2024-07-21T02:48:00,High value
271827,U842,2024-07-21T02:52:00,New vendor
271841,U284,2024-07-21T02:55:00,New vendor
271843,U627,2024-07-21T02:55:00,New vendor
271844,U165,2024-07-21T02:56:00,High value
271864,U263,2024-07-21T03:00:00,New vendor
271928,U100,2024-07-21T03:12:00,New vendor
271940,U522,2024-07-21T03:14:00,New vendor
271953,U806,2024-07-21T03:17:00,High value; New vendor
271957,U373,2024-07-21T03:18:00,New vendor
271972,U406,2024-07-21T03:21:00,New vendor
271979,U566,2024-07-21T03:22:00,High value
271989,U262,2024-07-21T03:24:00,High value; New vendor
272007,U345,2024-07-21T03:27:00,New vendor
272013,U570,2024-07-21T03:28:00,High value; New vendor
272044,U627,2024-07-21T03:34:00,New vendor
272072,U199,2024-07-21T03:40:00,High value
272073,U354,2024-07-21T03:40:00,New vendor
272080,U560,2024-07-21T03:41:00,High value
272095,U936,2024-07-21T03:43:00,High value; New vendor
272097,U002,2024-07-21T03:44:00,High value; New vendor
272116,U774,2024-07-21T03:47:00,High value
272122,U275,2024-07-21T03:49:00,New vendor
272127,U469,2024-07-21T03:50:00,High value
272131,U006,2024-07-21T03:51:00,High value
272153,U660,2024-07-21T03:57:00,High value
272154,U791,2024-07-21T03:57:00,High value
272158,U279,2024-07-21T03:58:00,New vendor
272166,U136,2024-07-21T03:59:00,New vendor
272196,U156,2024-07-21T04:06:00,New vendor
272213,U605,2024-07-21T04:08:00,New vendor
272216,U352,2024-07-21T04:09:00,High value
272217,U524,2024-07-21T04:09:00,High value; New vendor
272222,U825,2024-07-21T04:09:00,High value
272247,U559,2024-07-21T04:14:00,High value; New vendor
272251,U555,2024-07-21T04:16:00,New vendor
272254,U871,2024-07-21T04:16:00,High value
272255,U904,2024-07-21T04:16:00,New vendor
272265,U216,2024-07-21T04:18:00,New vendor
272267,U364,2024-07-21T04:18:00,New vendor
272271,U828,2024-07-21T04:18:00,High value
272291,U131,2024-07-21T04:22:00,New vendor
272298,U950,2024-07-21T04:23:00,High value
272324,U810,2024-07-21T04:28:00,High value
272338,U426,2024-07-21T04:31:00,New vendor
272342,U311,2024-07-21T04:32:00,High value
272343,U627,2024-07-21T04:32:00,New vendor
272348,U282,2024-07-21T04:33:00,High value
272354,U594,2024-07-21T04:34:00,New vendor
272362,U783,2024-07-21T04:35:00,High value; New vendor
272369,U543,2024-07-21T04:36:00,New vendor
272380,U570,2024-07-21T04:38:00,High value
272385,U661,2024-07-21T04:39:00,New vendor
272393,U817,2024-07-21T04:41:00,New vendor
272407,U609,2024-07-21T04:45:00,High value
272408,U627,2024-07-21T04:45:00,High value
272413,U212,2024-07-21T04:46:00,New vendor
272418,U080,2024-07-21T04:47:00,New vendor
272465,U471,2024-07-21T04:56:00,New vendor
272467,U838,2024-07-21T04:56:00,High value
272493,U788,2024-07-21T05:01:00,New vendor
272495,U913,2024-07-21T05:01:00,New vendor
272508,U187,2024-07-21T05:05:00,New vendor
272518,U309,2024-07-21T05:06:00,New vendor
272524,U420,2024-07-21T05:07:00,High value
272535,U339,2024-07-21T05:08:00,New vendor
272536,U355,2024-07-21T05:08:00,High value
272568,U993,2024-07-21T05:15:00,High value; New vendor
272601,U850,2024-07-21T05:21:00,New vendor
272630,U216,2024-07-21T05:28:00,New vendor
272636,U713,2024-07-21T05:29:00,New vendor
272643,U835,2024-07-21T05:30:00,New vendor
272685,U039,2024-07-21T05:39:00,High value; New vendor
272701,U625,2024-07-21T05:42:00,New vendor
272706,U105,2024-07-21T05:44:00,High value
272713,U612,2024-07-21T05:46:00,High value
272723,U878,2024-07-21T05:47:00,New vendor
272738,U795,2024-07-21T05:50:00,New vendor
272741,U216,2024-07-21T05:51:00,New vendor
272766,U146,2024-07-21T05:56:00,New vendor
272776,U716,2024-07-21T05:57:00,High value
272791,U651,2024-07-21T06:01:00,New vendor
272792,U006,2024-07-21T06:02:00,High value
272817,U984,2024-07-21T06:07:00,New vendor
272841,U061,2024-07-21T06:12:00,High value; New vendor
272852,U808,2024-07-21T06:13:00,New vendor
272863,U443,2024-07-21T06:15:00,New vendor
272865,U742,2024-07-21T06:15:00,High value
272867,U884,2024-07-21T06:15:00,High value
272877,U990,2024-07-21T06:17:00,New vendor
272880,U085,2024-07-21T06:18:00,High value
272890,U728,2024-07-21T06:19:00,New vendor
272897,U982,2024-07-21T06:20:00,High value
272899,U224,2024-07-21T06:21:00,New vendor
272901,U429,2024-07-21T06:21:00,New vendor
272924,U721,2024-07-21T06:25:00,High value
272925,U410,2024-07-21T06:26:00,New vendor
272931,U364,2024-07-21T06:27:00,High value
272933,U495,2024-07-21T06:27:00,High value; New vendor
272935,U542,2024-07-21T06:27:00,New vendor
272945,U003,2024-07-21T06:29:00,New vendor
272948,U454,2024-07-21T06:29:00,High value
272962,U529,2024-07-21T06:32:00,High value
272976,U114,2024-07-21T06:35:00,New vendor
272978,U570,2024-07-21T06:35:00,High value; New vendor
272983,U711,2024-07-21T06:36:00,High value; New vendor
273006,U133,2024-07-21T06:41:00,High value
273020,U871,2024-07-21T06:43:00,High value
273026,U502,2024-07-21T06:44:00,New vendor
273038,U439,2024-07-21T06:45:00,High value
273045,U003,2024-07-21T06:47:00,New vendor
273055,U471,2024-07-21T06:49:00,New vendor
273058,U612,2024-07-21T06:49:00,High value; New vendor
273095,U141,2024-07-21T06:59:00,New vendor
273104,U788,2024-07-21T07:00:00,New vendor
273111,U167,2024-07-21T07:02:00,New vendor
273119,U702,2024-07-21T07:03:00,High value
273123,U118,2024-07-21T07:04:00,High value; New vendor
273129,U032,2024-07-21T07:05:00,New vendor
273172,U995,2024-07-21T07:15:00,High value; New vendor
273182,U346,2024-07-21T07:17:00,High value
273183,U982,2024-07-21T07:17:00,High value
273192,U142,2024-07-21T07:19:00,New vendor
273193,U208,2024-07-21T07:19:00,New vendor
273196,U456,2024-07-21T07:20:00,New vendor
273201,U963,2024-07-21T07:21:00,New vendor
273204,U110,2024-07-21T07:23:00,High value
273210,U903,2024-07-21T07:23:00,New vendor
273222,U374,2024-07-21T07:26:00,New vendor
273240,U586,2024-07-21T07:28:00,New vendor
273242,U515,2024-07-21T07:29:00,New vendor
273248,U584,2024-07-21T07:30:00,New vendor
273255,U651,2024-07-21T07:32:00,New vendor
273256,U850,2024-07-21T07:32:00,New vendor
273289,U993,2024-07-21T07:37:00,New vendor
273302,U265,2024-07-21T07:41:00,New vendor
273356,U840,2024-07-21T07:50:00,High value; New vendor
273393,U487,2024-07-21T07:56:00,New vendor
273406,U130,2024-07-21T07:59:00,New vendor
273442,U547,2024-07-21T08:06:00,New vendor
273468,U064,2024-07-21T08:12:00,New vendor
273470,U699,2024-07-21T08:12:00,New vendor
273475,U201,2024-07-21T08:13:00,High value
273529,U634,2024-07-21T08:24:00,New vendor
273530,U864,2024-07-21T08:24:00,New vendor
273543,U123,2024-07-21T08:29:00,New vendor
273558,U324,2024-07-21T08:32:00,High value
273562,U202,2024-07-21T08:33:00,New vendor
273567,U728,2024-07-21T08:34:00,New vendor
273568,U746,2024-07-21T08:34:00,High value
273600,U792,2024-07-21T08:41:00,High value
273606,U548,2024-07-21T08:42:00,High value
273618,U095,2024-07-21T08:44:00,New vendor
273640,U460,2024-07-21T08:48:00,High value
273651,U954,2024-07-21T08:50:00,New vendor
273674,U330,2024-07-21T08:56:00,High value
273675,U354,2024-07-21T08:56:00,High value
273692,U935,2024-07-21T08:58:00,High value
273696,U446,2024-07-21T08:59:00,New vendor
273707,U692,2024-07-21T09:00:00,New vendor
273714,U133,2024-07-21T09:03:00,High value
273723,U531,2024-07-21T09:04:00,New vendor
273731,U171,2024-07-21T09:06:00,New vendor
273767,U515,2024-07-21T09:14:00,High value; New vendor
273772,U994,2024-07-21T09:14:00,New vendor
273781,U920,2024-07-21T09:16:00,High value
273825,U629,2024-07-21T09:25:00,High value
273837,U002,2024-07-21T09:28:00,New vendor
273840,U502,2024-07-21T09:28:00,New vendor
273844,U522,2024-07-21T09:29:00,New vendor
273870,U647,2024-07-21T09:32:00,High value
273871,U787,2024-07-21T09:32:00,High value
273894,U265,2024-07-21T09:38:00,New vendor
273901,U771,2024-07-21T09:39:00,High value
273903,U878,2024-07-21T09:40:00,New vendor
273922,U487,2024-07-21T09:45:00,High value
273977,U251,2024-07-21T09:57:00,High value; New vendor
273990,U401,2024-07-21T09:59:00,New vendor
274004,U557,2024-07-21T10:01:00,New vendor
274011,U619,2024-07-21T10:02:00,New vendor
274014,U095,2024-07-21T10:03:00,High value; New vendor
274016,U158,2024-07-21T10:04:00,New vendor
274026,U795,2024-07-21T10:05:00,High value
274040,U142,2024-07-21T10:09:00,New vendor
274079,U401,2024-07-21T10:16:00,New vendor
274098,U367,2024-07-21T10:20:00,New vendor
274109,U950,2024-07-21T10:22:00,High value
274119,U061,2024-07-21T10:25:00,New vendor
274120,U354,2024-07-21T10:25:00,High value; New vendor
274134,U171,2024-07-21T10:28:00,New vendor
274165,U563,2024-07-21T10:35:00,New vendor
274193,U553,2024-07-21T10:40:00,High value; New vendor
274201,U722,2024-07-21T10:41:00,New vendor
274214,U299,2024-07-21T10:44:00,New vendor
274218,U185,2024-07-21T10:45:00,High value
274221,U531,2024-07-21T10:45:00,New vendor
274223,U032,2024-07-21T10:46:00,New vendor
274246,U008,2024-07-21T10:50:00,High value
274258,U241,2024-07-21T10:52:00,High value
274270,U850,2024-07-21T10:53:00,New vendor
274278,U084,2024-07-21T10:55:00,High value
274283,U500,2024-07-21T10:55:00,New vendor
274286,U815,2024-07-21T10:55:00,New vendor
274308,U759,2024-07-21T10:59:00,High value; New vendor
274354,U557,2024-07-21T11:09:00,High value; New vendor
274357,U061,2024-07-21T11:11:00,New vendor
274360,U482,2024-07-21T11:11:00,New vendor
274365,U289,2024-07-21T11:13:00,New vendor
274374,U885,2024-07-21T11:14:00,New vendor
274378,U482,2024-07-21T11:16:00,New vendor
274380,U548,2024-07-21T11:16:00,New vendor
274382,U806,2024-07-21T11:16:00,New vendor
274385,U913,2024-07-21T11:16:00,High value
274391,U341,2024-07-21T11:18:00,High value
274394,U699,2024-07-21T11:18:00,High value
274395,U808,2024-07-21T11:18:00,High value; New vendor
274423,U814,2024-07-21T11:24:00,High value
274427,U597,2024-07-21T11:25:00,New vendor
274429,U760,2024-07-21T11:25:00,High value
274448,U842,2024-07-21T11:30:00,New vendor
274452,U507,2024-07-21T11:31:00,New vendor
274456,U344,2024-07-21T11:32:00,New vendor
274478,U003,2024-07-21T11:37:00,New vendor
274479,U083,2024-07-21T11:37:00,New vendor
274483,U502,2024-07-21T11:38:00,New vendor
274532,U241,2024-07-21T11:49:00,New vendor
274534,U442,2024-07-21T11:49:00,High value; New vendor
274544,U549,2024-07-21T11:52:00,New vendor
274546,U137,2024-07-21T11:53:00,New vendor
274552,U190,2024-07-21T11:54:00,New vendor
274562,U734,2024-07-21T11:56:00,New vendor
274563,U136,2024-07-21T11:57:00,New vendor
274566,U191,2024-07-21T11:58:00,New vendor
274594,U609,2024-07-21T12:03:00,High value
274601,U290,2024-07-21T12:05:00,New vendor
274619,U068,2024-07-21T12:08:00,New vendor
274627,U685,2024-07-21T12:10:00,High value
274631,U015,2024-07-21T12:11:00,New vendor
274686,U358,2024-07-21T12:23:00,New vendor
274700,U347,2024-07-21T12:26:00,New vendor
274710,U563,2024-07-21T12:28:00,High value
274728,U367,2024-07-21T12:31:00,New vendor
274754,U358,2024-07-21T12:38:00,High value
274774,U336,2024-07-21T12:43:00,New vendor
274780,U344,2024-07-21T12:44:00,High value
274792,U149,2024-07-21T12:47:00,New vendor
274806,U806,2024-07-21T12:48:00,High value
274810,U026,2024-07-21T12:49:00,New vendor
274814,U158,2024-07-21T12:50:00,New vendor
274841,U792,2024-07-21T12:56:00,New vendor
274842,U925,2024-07-21T12:56:00,High value; New vendor
274843,U099,2024-07-21T12:57:00,New vendor
274863,U257,2024-07-21T13:00:00,High value
274869,U026,2024-07-21T13:01:00,High value; New vendor
274881,U324,2024-07-21T13:03:00,High value
274900,U339,2024-07-21T13:07:00,New vendor
274912,U443,2024-07-21T13:09:00,New vendor
274935,U080,2024-07-21T13:14:00,New vendor
274937,U330,2024-07-21T13:14:00,New vendor
274952,U458,2024-07-21T13:18:00,New vendor
274954,U605,2024-07-21T13:18:00,New vendor
274964,U885,2024-07-21T13:20:00,High value
274966,U121,2024-07-21T13:21:00,New vendor
274979,U099,2024-07-21T13:23:00,New vendor
275000,U183,2024-07-21T13:26:00,New vendor
275007,U759,2024-07-21T13:27:00,High value
275008,U781,2024-07-21T13:27:00,New vendor
275012,U083,2024-07-21T13:28:00,High value
275029,U936,2024-07-21T13:30:00,New vendor
275090,U523,2024-07-21T13:42:00,New vendor
275096,U336,2024-07-21T13:43:00,New vendor
275134,U826,2024-07-21T13:54:00,High value
275136,U498,2024-07-21T13:55:00,New vendor
275173,U118,2024-07-21T14:02:00,New vendor
275182,U223,2024-07-21T14:04:00,New vendor
275188,U280,2024-07-21T14:05:00,High value
275196,U557,2024-07-21T14:07:00,New vendor
275217,U973,2024-07-21T14:11:00,High value
275277,U808,2024-07-21T14:24:00,New vendor
275284,U536,2024-07-21T14:25:00,High value
275291,U995,2024-07-21T14:26:00,New vendor
275299,U993,2024-07-21T14:27:00,New vendor
275307,U555,2024-07-21T14:30:00,New vendor
275313,U825,2024-07-21T14:31:00,High value
275314,U507,2024-07-21T14:32:00,New vendor
275319,U565,2024-07-21T14:33:00,New vendor
275334,U570,2024-07-21T14:37:00,High value; New vendor
275346,U275,2024-07-21T14:39:00,High value; New vendor
275358,U784,2024-07-21T14:42:00,New vendor
275368,U555,2024-07-21T14:44:00,New vendor
275369,U608,2024-07-21T14:44:00,High value; New vendor
275376,U443,2024-07-21T14:45:00,New vendor
275380,U104,2024-07-21T14:46:00,New vendor
275395,U936,2024-07-21T14:48:00,New vendor
275404,U281,2024-07-21T14:51:00,High value
275408,U489,2024-07-21T14:52:00,New vendor
275412,U011,2024-07-21T14:53:00,High value; New vendor
275413,U584,2024-07-21T14:53:00,New vendor
275438,U665,2024-07-21T14:59:00,High value; New vendor
275470,U834,2024-07-21T15:06:00,High value
275474,U248,2024-07-21T15:07:00,High value
275476,U339,2024-07-21T15:07:00,New vendor
275488,U557,2024-07-21T15:08:00,High value
275495,U596,2024-07-21T15:10:00,High value; New vendor
275498,U283,2024-07-21T15:11:00,High value; New vendor
275504,U878,2024-07-21T15:11:00,New vendor
275507,U116,2024-07-21T15:12:00,High value
275518,U279,2024-07-21T15:13:00,High value; New vendor
275521,U806,2024-07-21T15:13:00,High value; New vendor
275522,U002,2024-07-21T15:14:00,High value; New vendor
275536,U592,2024-07-21T15:18:00,High value
275577,U358,2024-07-21T15:27:00,High value
275579,U118,2024-07-21T15:28:00,New vendor
275593,U555,2024-07-21T15:31:00,New vendor
275595,U878,2024-07-21T15:31:00,New vendor
275616,U210,2024-07-21T15:36:00,New vendor
275623,U765,2024-07-21T15:36:00,New vendor
275635,U354,2024-07-21T15:39:00,New vendor
275646,U545,2024-07-21T15:41:00,New vendor
275661,U918,2024-07-21T15:44:00,New vendor
275669,U374,2024-07-21T15:46:00,New vendor
275673,U116,2024-07-21T15:47:00,New vendor
275709,U171,2024-07-21T15:54:00,New vendor
275710,U709,2024-07-21T15:54:00,New vendor
275751,U006,2024-07-21T16:02:00,High value
275755,U191,2024-07-21T16:03:00,High value; New vendor
275764,U367,2024-07-21T16:05:00,New vendor
275797,U513,2024-07-21T16:12:00,High value
275821,U559,2024-07-21T16:16:00,New vendor
275824,U494,2024-07-21T16:17:00,High value
275845,U671,2024-07-21T16:22:00,New vendor
275861,U380,2024-07-21T16:26:00,High value; New vendor
275866,U936,2024-07-21T16:27:00,New vendor
275877,U640,2024-07-21T16:30:00,High value
275886,U842,2024-07-21T16:32:00,New vendor
275911,U924,2024-07-21T16:36:00,High value
275915,U649,2024-07-21T16:37:00,New vendor
275919,U335,2024-07-21T16:38:00,New vendor
275959,U104,2024-07-21T16:46:00,New vendor
275964,U355,2024-07-21T16:47:00,High value
275992,U660,2024-07-21T16:53:00,New vendor
276011,U069,2024-07-21T16:57:00,New vendor
276013,U190,2024-07-21T16:57:00,New vendor
276035,U594,2024-07-21T17:02:00,New vendor
276042,U815,2024-07-21T17:03:00,New vendor
276043,U835,2024-07-21T17:03:00,New vendor
276045,U207,2024-07-21T17:04:00,High value
276046,U489,2024-07-21T17:04:00,New vendor
276048,U953,2024-07-21T17:04:00,High value
276058,U907,2024-07-21T17:06:00,New vendor
276069,U571,2024-07-21T17:09:00,High value
276071,U406,2024-07-21T17:10:00,New vendor
276075,U039,2024-07-21T17:11:00,New vendor
276076,U559,2024-07-21T17:11:00,New vendor
276091,U832,2024-07-21T17:14:00,High value
276094,U368,2024-07-21T17:15:00,New vendor
276097,U582,2024-07-21T17:15:00,High value
276104,U134,2024-07-21T17:17:00,New vendor
276111,U445,2024-07-21T17:20:00,High value
276141,U083,2024-07-21T17:30:00,New vendor
276154,U016,2024-07-21T17:32:00,High value
276172,U284,2024-07-21T17:36:00,New vendor
276173,U619,2024-07-21T17:36:00,High value
276180,U257,2024-07-21T17:38:00,High value
276183,U920,2024-07-21T17:38:00,High value
276187,U069,2024-07-21T17:40:00,New vendor
276189,U454,2024-07-21T17:40:00,High value
276191,U339,2024-07-21T17:41:00,High value
276201,U495,2024-07-21T17:43:00,New vendor
276221,U806,2024-07-21T17:47:00,High value; New vendor
276244,U939,2024-07-21T17:51:00,New vendor
276259,U815,2024-07-21T17:55:00,New vendor
276270,U263,2024-07-21T17:58:00,New vendor
276272,U525,2024-07-21T17:58:00,High value
276284,U336,2024-07-21T18:02:00,New vendor
276289,U993,2024-07-21T18:04:00,New vendor
276301,U924,2024-07-21T18:06:00,New vendor
276303,U692,2024-07-21T18:07:00,New vendor
276312,U020,2024-07-21T18:10:00,New vendor
276346,U099,2024-07-21T18:16:00,New vendor
276347,U241,2024-07-21T18:16:00,New vendor
276348,U319,2024-07-21T18:16:00,High value; New vendor
276354,U187,2024-07-21T18:18:00,New vendor
276360,U890,2024-07-21T18:18:00,High value
276378,U592,2024-07-21T18:23:00,New vendor
276386,U417,2024-07-21T18:25:00,High value
276397,U415,2024-07-21T18:28:00,New vendor
276415,U923,2024-07-21T18:31:00,New vendor
276431,U169,2024-07-21T18:36:00,New vendor
276436,U027,2024-07-21T18:37:00,New vendor
276437,U629,2024-07-21T18:37:00,High value
276455,U571,2024-07-21T18:40:00,New vendor
276461,U552,2024-07-21T18:41:00,High value; New vendor
276474,U539,2024-07-21T18:45:00,High value
276476,U842,2024-07-21T18:45:00,New vendor
276480,U265,2024-07-21T18:47:00,New vendor
276482,U657,2024-07-21T18:47:00,New vendor
276485,U075,2024-07-21T18:48:00,High value; New vendor
276496,U835,2024-07-21T18:50:00,High value; New vendor
276503,U759,2024-07-21T18:51:00,High value
276510,U002,2024-07-21T18:53:00,High value; New vendor
276526,U215,2024-07-21T18:56:00,New vendor
276531,U289,2024-07-21T18:57:00,High value; New vendor
276578,U494,2024-07-21T19:09:00,High value
276600,U003,2024-07-21T19:15:00,New vendor
276615,U452,2024-07-21T19:18:00,New vendor
276639,U443,2024-07-21T19:24:00,New vendor
276644,U755,2024-07-21T19:24:00,High value; New vendor
276649,U571,2024-07-21T19:25:00,High value
276653,U953,2024-07-21T19:26:00,High value
276672,U191,2024-07-21T19:30:00,New vendor
276674,U284,2024-07-21T19:30:00,New vendor
276691,U495,2024-07-21T19:34:00,New vendor
276733,U795,2024-07-21T19:42:00,New vendor
276734,U015,2024-07-21T19:43:00,High value
276737,U344,2024-07-21T19:43:00,High value
276771,U208,2024-07-21T19:53:00,New vendor
276788,U892,2024-07-21T19:56:00,New vendor
276798,U502,2024-07-21T19:59:00,High value; New vendor
276808,U716,2024-07-21T20:00:00,High value
276809,U717,2024-07-21T20:00:00,High value
276811,U176,2024-07-21T20:01:00,New vendor
276812,U534,2024-07-21T20:01:00,High value
276827,U551,2024-07-21T20:03:00,High value
276835,U141,2024-07-21T20:06:00,New vendor
276836,U023,2024-07-21T20:07:00,New vendor
276840,U169,2024-07-21T20:08:00,New vendor
276850,U430,2024-07-21T20:10:00,New vendor
276868,U913,2024-07-21T20:14:00,High value; New vendor
276872,U887,2024-07-21T20:15:00,High value
276881,U410,2024-07-21T20:18:00,New vendor
276898,U446,2024-07-21T20:21:00,New vendor
276900,U456,2024-07-21T20:21:00,New vendor
276901,U788,2024-07-21T20:21:00,New vendor
276903,U368,2024-07-21T20:22:00,New vendor
276926,U496,2024-07-21T20:28:00,New vendor
276934,U369,2024-07-21T20:29:00,High value
276951,U500,2024-07-21T20:33:00,High value; New vendor
276971,U970,2024-07-21T20:38:00,High value
276977,U936,2024-07-21T20:39:00,New vendor
277029,U080,2024-07-21T20:54:00,New vendor
277042,U280,2024-07-21T20:56:00,New vendor
277048,U545,2024-07-21T20:58:00,New vendor
277054,U146,2024-07-21T21:00:00,New vendor
277087,U601,2024-07-21T21:08:00,New vendor
277112,U008,2024-07-21T21:13:00,High value
277124,U665,2024-07-21T21:14:00,New vendor
277147,U502,2024-07-21T21:22:00,New vendor
277148,U515,2024-07-21T21:22:00,New vendor
277160,U808,2024-07-21T21:24:00,New vendor
277180,U490,2024-07-21T21:30:00,New vendor
277197,U407,2024-07-21T21:34:00,New vendor
277251,U817,2024-07-21T21:47:00,New vendor
277264,U064,2024-07-21T21:51:00,High value
277268,U293,2024-07-21T21:52:00,High value
277272,U524,2024-07-21T21:52:00,New vendor
277278,U500,2024-07-21T21:54:00,New vendor
277286,U783,2024-07-21T21:55:00,New vendor
277288,U559,2024-07-21T21:56:00,New vendor
277303,U792,2024-07-21T21:59:00,New vendor
277307,U188,2024-07-21T22:00:00,High value
277316,U110,2024-07-21T22:02:00,High value
277318,U559,2024-07-21T22:02:00,New vendor
277320,U148,2024-07-21T22:03:00,New vendor
277321,U859,2024-07-21T22:03:00,High value
277342,U134,2024-07-21T22:08:00,New vendor
277352,U786,2024-07-21T22:10:00,New vendor
277355,U399,2024-07-21T22:11:00,New vendor
277377,U224,2024-07-21T22:17:00,New vendor
277381,U190,2024-07-21T22:18:00,New vendor
277418,U091,2024-07-21T22:26:00,New vendor
277420,U904,2024-07-21T22:26:00,New vendor
277427,U526,2024-07-21T22:28:00,New vendor
277432,U443,2024-07-21T22:30:00,New vendor
277441,U020,2024-07-21T22:34:00,New vendor
277454,U836,2024-07-21T22:37:00,New vendor
277458,U336,2024-07-21T22:39:00,High value
277474,U017,2024-07-21T22:45:00,High value; New vendor
277484,U323,2024-07-21T22:48:00,New vendor
277489,U210,2024-07-21T22:49:00,High value
277493,U939,2024-07-21T22:49:00,New vendor
277505,U098,2024-07-21T22:52:00,High value; New vendor
277545,U523,2024-07-21T23:01:00,New vendor
277549,U038,2024-07-21T23:02:00,New vendor
277556,U335,2024-07-21T23:04:00,New vendor
277558,U288,2024-07-21T23:05:00,High value
277578,U345,2024-07-21T23:10:00,High value
277585,U649,2024-07-21T23:12:00,High value
277593,U358,2024-07-21T23:14:00,New vendor
277594,U667,2024-07-21T23:14:00,New vendor
277614,U784,2024-07-21T23:19:00,New vendor
277628,U915,2024-07-21T23:23:00,New vendor
277630,U567,2024-07-21T23:24:00,High value
277633,U449,2024-07-21T23:25:00,High value
277647,U242,2024-07-21T23:28:00,High value
277657,U661,2024-07-21T23:30:00,New vendor
277693,U821,2024-07-21T23:38:00,High value; New vendor
277695,U300,2024-07-21T23:40:00,High value
277699,U027,2024-07-21T23:41:00,New vendor
277715,U826,2024-07-21T23:45:00,High value; New vendor
277722,U233,2024-07-21T23:47:00,High value; New vendor
277735,U339,2024-07-21T23:49:00,New vendor
277740,U526,2024-07-21T23:51:00,New vendor
277746,U039,2024-07-21T23:54:00,New vendor
277761,U458,2024-07-21T23:57:00,New vendor
277767,U344,2024-07-21T23:59:00,New vendor
277775,U617,2024-07-22T00:01:00,High value
277793,U141,2024-07-22T00:07:00,New vendor
277815,U915,2024-07-22T00:11:00,High value; New vendor
277835,U141,2024-07-22T00:18:00,New vendor
277836,U462,2024-07-22T00:18:00,High value
277854,U783,2024-07-22T00:22:00,New vendor
277871,U047,2024-07-22T00:26:00,New vendor
277902,U142,2024-07-22T00:33:00,New vendor
277916,U927,2024-07-22T00:35:00,High value; New vendor
277925,U114,2024-07-22T00:38:00,New vendor
277933,U711,2024-07-22T00:39:00,New vendor
277942,U591,2024-07-22T00:43:00,High value
277952,U123,2024-07-22T00:47:00,New vendor
277953,U209,2024-07-22T00:47:00,New vendor
277960,U344,2024-07-22T00:49:00,High value; New vendor
277965,U114,2024-07-22T00:51:00,New vendor
277990,U716,2024-07-22T00:57:00,High value
278008,U217,2024-07-22T01:01:00,High value
278026,U841,2024-07-22T01:06:00,High value
278047,U978,2024-07-22T01:13:00,New vendor
278098,U339,2024-07-22T01:27:00,New vendor
278101,U619,2024-07-22T01:27:00,High value; New vendor
278111,U661,2024-07-22T01:30:00,New vendor
278118,U490,2024-07-22T01:32:00,High value; New vendor
278128,U924,2024-07-22T01:34:00,High value; New vendor
278135,U336,2024-07-22T01:37:00,New vendor
278149,U678,2024-07-22T01:41:00,New vendor
278162,U907,2024-07-22T01:44:00,New vendor
278165,U207,2024-07-22T01:46:00,High value
278178,U526,2024-07-22T01:48:00,New vendor
278194,U392,2024-07-22T01:53:00,New vendor
278196,U542,2024-07-22T01:53:00,High value; New vendor
278240,U709,2024-07-22T02:09:00,High value; New vendor
278286,U439,2024-07-22T02:23:00,High value
278298,U594,2024-07-22T02:25:00,New vendor
278306,U575,2024-07-22T02:28:00,New vendor
278319,U597,2024-07-22T02:30:00,New vendor
278343,U323,2024-07-22T02:36:00,New vendor
278356,U333,2024-07-22T02:40:00,High value; New vendor
278369,U547,2024-07-22T02:43:00,New vendor
278382,U114,2024-07-22T02:46:00,New vendor
278383,U116,2024-07-22T02:46:00,New vendor
278385,U414,2024-07-22T02:46:00,New vendor
278394,U732,2024-07-22T02:49:00,New vendor
278397,U549,2024-07-22T02:51:00,New vendor
278412,U691,2024-07-22T02:54:00,New vendor
278414,U345,2024-07-22T02:55:00,New vendor
278416,U023,2024-07-22T02:56:00,New vendor
278418,U605,2024-07-22T02:57:00,New vendor
278443,U692,2024-07-22T03:06:00,High value
278444,U856,2024-07-22T03:06:00,High value
278445,U015,2024-07-22T03:07:00,New vendor
278471,U524,2024-07-22T03:14:00,High value; New vendor
278539,U459,2024-07-22T03:38:00,High value
278546,U023,2024-07-22T03:40:00,New vendor
278547,U176,2024-07-22T03:40:00,New vendor
278579,U020,2024-07-22T03:49:00,High value
278590,U301,2024-07-22T03:52:00,New vendor
278611,U407,2024-07-22T03:57:00,New vendor
278614,U876,2024-07-22T03:57:00,High value
278629,U795,2024-07-22T04:00:00,New vendor
278631,U825,2024-07-22T04:01:00,High value
278655,U793,2024-07-22T04:07:00,High value
278660,U809,2024-07-22T04:08:00,New vendor
278697,U539,2024-07-22T04:20:00,High value
278703,U832,2024-07-22T04:22:00,High value
278728,U704,2024-07-22T04:30:00,High value
278748,U263,2024-07-22T04:37:00,New vendor
278749,U563,2024-07-22T04:37:00,New vendor
278756,U140,2024-07-22T04:40:00,New vendor
278762,U327,2024-07-22T04:41:00,New vendor
278804,U685,2024-07-22T04:58:00,High value
278831,U144,2024-07-22T05:07:00,High value
278908,U671,2024-07-22T05:30:00,High value; New vendor
278940,U732,2024-07-22T05:37:00,New vendor
278948,U344,2024-07-22T05:40:00,High value; New vendor
278950,U795,2024-07-22T05:40:00,High value; New vendor
278974,U985,2024-07-22T05:45:00,High value
278979,U210,2024-07-22T05:47:00,New vendor
278990,U452,2024-07-22T05:49:00,New vendor
278993,U064,2024-07-22T05:50:00,New vendor
278999,U732,2024-07-22T05:51:00,New vendor
279011,U915,2024-07-22T05:54:00,New vendor
279026,U254,2024-07-22T06:00:00,New vendor
279055,U327,2024-07-22T06:11:00,New vendor
279058,U123,2024-07-22T06:12:00,New vendor
279082,U672,2024-07-22T06:19:00,High value; New vendor
279115,U669,2024-07-22T06:27:00,New vendor
279186,U561,2024-07-22T06:49:00,New vendor
279201,U910,2024-07-22T06:52:00,High value
279210,U671,2024-07-22T06:55:00,New vendor
279219,U059,2024-07-22T06:58:00,New vendor
279224,U841,2024-07-22T06:58:00,High value
279225,U338,2024-07-22T06:59:00,New vendor
279247,U1000,2024-07-22T07:05:00,High value; New vendor
279270,U720,2024-07-22T07:12:00,High value
279306,U210,2024-07-22T07:23:00,High value; New vendor
279315,U565,2024-07-22T07:28:00,New vendor
279317,U263,2024-07-22T07:29:00,High value
279361,U638,2024-07-22T07:41:00,High value
279385,U760,2024-07-22T07:49:00,High value; New vendor
279400,U157,2024-07-22T07:55:00,New vendor
279403,U439,2024-07-22T07:56:00,High value
279409,U1000,2024-07-22T07:57:00,High value; New vendor
279425,U760,2024-07-22T08:01:00,New vendor
279428,U985,2024-07-22T08:02:00,New vendor
279433,U585,2024-07-22T08:04:00,High value
279441,U157,2024-07-22T08:07:00,New vendor
279447,U482,2024-07-22T08:08:00,New vendor
279460,U059,2024-07-22T08:12:00,New vendor
279466,U629,2024-07-22T08:15:00,High value; New vendor
279473,U380,2024-07-22T08:18:00,New vendor
279486,U301,2024-07-22T08:21:00,New vendor
279494,U524,2024-07-22T08:23:00,New vendor
279496,U876,2024-07-22T08:23:00,High value
279507,U985,2024-07-22T08:26:00,High value
279528,U502,2024-07-22T08:36:00,New vendor
279562,U826,2024-07-22T08:46:00,High value
279594,U691,2024-07-22T08:56:00,New vendor
279601,U358,2024-07-22T08:59:00,New vendor
279605,U597,2024-07-22T09:00:00,High value; New vendor
279615,U584,2024-07-22T09:04:00,New vendor
279630,U788,2024-07-22T09:12:00,New vendor
279638,U349,2024-07-22T09:15:00,New vendor
279689,U354,2024-07-22T09:28:00,New vendor
279723,U529,2024-07-22T09:42:00,High value
279736,U016,2024-07-22T09:47:00,High value
279744,U301,2024-07-22T09:48:00,New vendor
279746,U563,2024-07-22T09:48:00,New vendor
279752,U233,2024-07-22T09:50:00,New vendor
279784,U187,2024-07-22T10:03:00,High value; New vendor
279790,U709,2024-07-22T10:04:00,High value; New vendor
279812,U676,2024-07-22T10:12:00,High value
279813,U319,2024-07-22T10:13:00,High value
279825,U545,2024-07-22T10:16:00,New vendor
279851,U190,2024-07-22T10:24:00,High value; New vendor
279860,U439,2024-07-22T10:27:00,High value
279932,U815,2024-07-22T10:49:00,High value
279939,U739,2024-07-22T10:51:00,New vendor
279944,U731,2024-07-22T10:52:00,New vendor
279958,U718,2024-07-22T10:56:00,High value
279962,U629,2024-07-22T10:57:00,High value; New vendor
279984,U529,2024-07-22T11:03:00,High value
279989,U016,2024-07-22T11:05:00,New vendor
280008,U978,2024-07-22T11:09:00,New vendor
280042,U817,2024-07-22T11:24:00,New vendor
280052,U529,2024-07-22T11:28:00,High value
280055,U169,2024-07-22T11:29:00,New vendor
280064,U545,2024-07-22T11:32:00,High value
280080,U924,2024-07-22T11:36:00,New vendor
280108,U795,2024-07-22T11:43:00,New vendor
280112,U480,2024-07-22T11:44:00,High value
280121,U692,2024-07-22T11:46:00,New vendor
280144,U692,2024-07-22T11:54:00,New vendor
280155,U834,2024-07-22T11:56:00,High value
280168,U220,2024-07-22T12:01:00,High value; New vendor
280171,U489,2024-07-22T12:03:00,New vendor
280181,U201,2024-07-22T12:07:00,High value
280209,U1000,2024-07-22T12:16:00,New vendor
280216,U855,2024-07-22T12:19:00,High value
280231,U265,2024-07-22T12:26:00,New vendor
280233,U354,2024-07-22T12:26:00,New vendor
280241,U439,2024-07-22T12:28:00,High value
280254,U296,2024-07-22T12:34:00,New vendor
280265,U234,2024-07-22T12:39:00,High value
280277,U309,2024-07-22T12:45:00,High value
280284,U735,2024-07-22T12:47:00,New vendor
280288,U534,2024-07-22T12:48:00,New vendor
280309,U547,2024-07-22T12:54:00,New vendor
280316,U678,2024-07-22T12:56:00,High value; New vendor
280320,U842,2024-07-22T12:57:00,High value
280323,U176,2024-07-22T13:00:00,New vendor
280324,U907,2024-07-22T13:00:00,High value
280326,U254,2024-07-22T13:01:00,New vendor
280330,U629,2024-07-22T13:02:00,New vendor
280349,U592,2024-07-22T13:05:00,High value
280362,U878,2024-07-22T13:09:00,New vendor
280387,U927,2024-07-22T13:17:00,New vendor
280406,U337,2024-07-22T13:25:00,New vendor
280418,U122,2024-07-22T13:27:00,New vendor
280428,U446,2024-07-22T13:32:00,New vendor
280466,U976,2024-07-22T13:46:00,High value
280481,U878,2024-07-22T13:52:00,New vendor
280489,U563,2024-07-22T13:55:00,New vendor
280505,U661,2024-07-22T14:01:00,New vendor
280506,U976,2024-07-22T14:01:00,High value
280511,U795,2024-07-22T14:02:00,New vendor
280543,U110,2024-07-22T14:14:00,High value
280553,U439,2024-07-22T14:16:00,High value
280558,U774,2024-07-22T14:18:00,High value
280573,U140,2024-07-22T14:25:00,New vendor
280576,U920,2024-07-22T14:25:00,High value
280591,U561,2024-07-22T14:30:00,New vendor
280597,U1000,2024-07-22T14:32:00,New vendor
280611,U674,2024-07-22T14:36:00,High value
280612,U935,2024-07-22T14:36:00,High value
280639,U327,2024-07-22T14:45:00,New vendor
280660,U462,2024-07-22T14:52:00,High value
280670,U446,2024-07-22T14:56:00,New vendor
280675,U265,2024-07-22T14:57:00,New vendor
280691,U147,2024-07-22T15:02:00,High value
280707,U263,2024-07-22T15:06:00,New vendor
280708,U349,2024-07-22T15:06:00,High value; New vendor
280713,U122,2024-07-22T15:07:00,New vendor
280729,U551,2024-07-22T15:13:00,High value; New vendor
280737,U906,2024-07-22T15:15:00,High value
280751,U339,2024-07-22T15:18:00,New vendor
280756,U110,2024-07-22T15:20:00,High value
280807,U552,2024-07-22T15:41:00,High value; New vendor
280829,U500,2024-07-22T15:50:00,New vendor
280848,U105,2024-07-22T15:57:00,High value
280855,U293,2024-07-22T15:59:00,High value
280865,U375,2024-07-22T16:04:00,New vendor
280875,U392,2024-07-22T16:08:00,New vendor
280898,U980,2024-07-22T16:16:00,High value
280937,U494,2024-07-22T16:27:00,High value
280956,U608,2024-07-22T16:34:00,High value; New vendor
280983,U924,2024-07-22T16:42:00,New vendor
280989,U685,2024-07-22T16:44:00,High value
280993,U978,2024-07-22T16:45:00,New vendor
281001,U456,2024-07-22T16:48:00,New vendor
281004,U091,2024-07-22T16:49:00,High value
281010,U584,2024-07-22T16:54:00,High value; New vendor
281039,U019,2024-07-22T17:05:00,High value
281044,U338,2024-07-22T17:08:00,New vendor
281045,U439,2024-07-22T17:08:00,High value
281133,U375,2024-07-22T17:39:00,New vendor
281136,U524,2024-07-22T17:40:00,New vendor
281141,U739,2024-07-22T17:41:00,High value
281143,U207,2024-07-22T17:42:00,High value
281147,U219,2024-07-22T17:43:00,High value
281169,U414,2024-07-22T17:53:00,New vendor
281172,U293,2024-07-22T17:54:00,High value
281173,U266,2024-07-22T17:55:00,High value
281191,U669,2024-07-22T18:01:00,New vendor
281197,U122,2024-07-22T18:05:00,New vendor
281205,U729,2024-07-22T18:06:00,High value
281207,U187,2024-07-22T18:07:00,New vendor
281224,U385,2024-07-22T18:16:00,High value
281227,U064,2024-07-22T18:17:00,New vendor
281232,U650,2024-07-22T18:18:00,High value
281255,U821,2024-07-22T18:25:00,New vendor
281268,U241,2024-07-22T18:29:00,High value
281278,U345,2024-07-22T18:33:00,High value; New vendor
281291,U597,2024-07-22T18:36:00,New vendor
281340,U075,2024-07-22T18:59:00,New vendor
281341,U266,2024-07-22T18:59:00,High value
281353,U011,2024-07-22T19:02:00,New vendor
281378,U944,2024-07-22T19:17:00,New vendor
281380,U380,2024-07-22T19:18:00,New vendor
281383,U105,2024-07-22T19:19:00,High value
281388,U337,2024-07-22T19:21:00,New vendor
281423,U059,2024-07-22T19:36:00,New vendor
281440,U375,2024-07-22T19:41:00,New vendor
281448,U408,2024-07-22T19:43:00,High value
281458,U935,2024-07-22T19:49:00,High value
281478,U552,2024-07-22T19:57:00,High value; New vendor
281480,U056,2024-07-22T19:58:00,New vendor
281493,U017,2024-07-22T20:02:00,High value
281535,U709,2024-07-22T20:19:00,New vendor
281541,U415,2024-07-22T20:22:00,New vendor
281545,U711,2024-07-22T20:24:00,New vendor
281588,U798,2024-07-22T20:38:00,New vendor
281599,U375,2024-07-22T20:46:00,New vendor
281611,U848,2024-07-22T20:50:00,High value
281623,U838,2024-07-22T20:55:00,High value
281626,U784,2024-07-22T20:56:00,New vendor
281647,U552,2024-07-22T21:07:00,High value; New vendor
281664,U489,2024-07-22T21:13:00,New vendor
281674,U500,2024-07-22T21:20:00,New vendor
281683,U638,2024-07-22T21:22:00,New vendor
281687,U027,2024-07-22T21:24:00,New vendor
281699,U913,2024-07-22T21:27:00,New vendor
281700,U558,2024-07-22T21:28:00,High value
281729,U265,2024-07-22T21:44:00,New vendor
281739,U223,2024-07-22T21:48:00,New vendor
281740,U826,2024-07-22T21:48:00,New vendor
281748,U290,2024-07-22T21:51:00,New vendor
281751,U561,2024-07-22T21:51:00,High value; New vendor
281764,U027,2024-07-22T21:58:00,High value; New vendor
281769,U629,2024-07-22T22:00:00,New vendor
281779,U583,2024-07-22T22:04:00,High value
281801,U563,2024-07-22T22:14:00,New vendor
281813,U048,2024-07-22T22:20:00,New vendor
281839,U638,2024-07-22T22:30:00,High value
281848,U115,2024-07-22T22:36:00,New vendor
281861,U549,2024-07-22T22:41:00,High value; New vendor
281866,U495,2024-07-22T22:43:00,High value
281869,U842,2024-07-22T22:44:00,New vendor
281875,U169,2024-07-22T22:49:00,New vendor
281891,U105,2024-07-22T22:55:00,High value
281912,U755,2024-07-22T23:08:00,New vendor
281918,U533,2024-07-22T23:12:00,New vendor
281931,U847,2024-07-22T23:17:00,New vendor
281953,U243,2024-07-22T23:26:00,New vendor
281991,U836,2024-07-22T23:39:00,New vendor
281993,U190,2024-07-22T23:40:00,New vendor
281995,U565,2024-07-22T23:40:00,High value; New vendor
281999,U142,2024-07-22T23:42:00,New vendor
282016,U567,2024-07-22T23:50:00,High value
282026,U896,2024-07-22T23:54:00,High value
282039,U382,2024-07-22T23:59:00,High value; New vendor
282059,U190,2024-07-23T00:08:00,New vendor
282068,U995,2024-07-23T00:12:00,High value; New vendor
282075,U584,2024-07-23T00:16:00,New vendor
282087,U534,2024-07-23T00:22:00,New vendor
282089,U500,2024-07-23T00:23:00,New vendor
282093,U935,2024-07-23T00:23:00,High value
282094,U169,2024-07-23T00:24:00,New vendor
282111,U215,2024-07-23T00:31:00,New vendor
282136,U234,2024-07-23T00:43:00,High value
282146,U091,2024-07-23T00:50:00,New vendor
282154,U323,2024-07-23T00:53:00,New vendor
282170,U123,2024-07-23T00:58:00,New vendor
282175,U545,2024-07-23T00:59:00,New vendor
282176,U625,2024-07-23T00:59:00,High value; New vendor
282177,U533,2024-07-23T01:00:00,New vendor
282184,U902,2024-07-23T01:04:00,High value
282195,U836,2024-07-23T01:08:00,New vendor
282196,U585,2024-07-23T01:09:00,High value
282219,U382,2024-07-23T01:18:00,New vendor
282224,U626,2024-07-23T01:22:00,High value
282230,U597,2024-07-23T01:27:00,High value
282231,U248,2024-07-23T01:28:00,High value
282240,U661,2024-07-23T01:33:00,High value
282241,U821,2024-07-23T01:33:00,High value
282245,U566,2024-07-23T01:35:00,High value
282249,U995,2024-07-23T01:36:00,New vendor
282281,U702,2024-07-23T01:52:00,High value; New vendor
282284,U187,2024-07-23T01:54:00,New vendor
282304,U426,2024-07-23T02:04:00,New vendor
282315,U584,2024-07-23T02:10:00,High value; New vendor
282320,U534,2024-07-23T02:12:00,High value; New vendor
282336,U061,2024-07-23T02:21:00,High value
282347,U563,2024-07-23T02:23:00,High value; New vendor
282352,U345,2024-07-23T02:26:00,New vendor
282357,U946,2024-07-23T02:28:00,High value
282358,U797,2024-07-23T02:29:00,High value
282406,U190,2024-07-23T02:50:00,High value
282419,U020,2024-07-23T02:56:00,New vendor
282444,U523,2024-07-23T03:06:00,New vendor
282449,U190,2024-07-23T03:08:00,High value
282458,U092,2024-07-23T03:12:00,New vendor
282462,U408,2024-07-23T03:15:00,High value
282472,U685,2024-07-23T03:19:00,High value
282507,U735,2024-07-23T03:34:00,New vendor
282519,U825,2024-07-23T03:38:00,High value
282524,U661,2024-07-23T03:40:00,New vendor
282532,U061,2024-07-23T03:43:00,High value
282539,U229,2024-07-23T03:46:00,New vendor
282557,U836,2024-07-23T03:55:00,New vendor
282578,U542,2024-07-23T04:04:00,New vendor
282582,U309,2024-07-23T04:05:00,High value
282593,U838,2024-07-23T04:07:00,High value
282598,U190,2024-07-23T04:13:00,New vendor
282600,U358,2024-07-23T04:13:00,High value; New vendor
282608,U015,2024-07-23T04:16:00,New vendor
282626,U263,2024-07-23T04:24:00,New vendor
282637,U526,2024-07-23T04:28:00,New vendor
282669,U605,2024-07-23T04:43:00,New vendor
282683,U375,2024-07-23T04:49:00,New vendor
282685,U985,2024-07-23T04:49:00,High value
282686,U561,2024-07-23T04:50:00,New vendor
282696,U526,2024-07-23T04:58:00,New vendor
282698,U080,2024-07-23T05:01:00,High value; New vendor
282708,U266,2024-07-23T05:06:00,High value
282724,U375,2024-07-23T05:17:00,New vendor
282727,U823,2024-07-23T05:18:00,High value
282729,U661,2024-07-23T05:19:00,New vendor
282734,U309,2024-07-23T05:20:00,New vendor
282736,U027,2024-07-23T05:22:00,High value
282757,U549,2024-07-23T05:30:00,New vendor
282761,U795,2024-07-23T05:32:00,New vendor
282766,U027,2024-07-23T05:34:00,High value; New vendor
282814,U011,2024-07-23T05:56:00,New vendor
282844,U027,2024-07-23T06:10:00,New vendor
282851,U123,2024-07-23T06:15:00,New vendor
282853,U986,2024-07-23T06:15:00,High value; New vendor
282857,U792,2024-07-23T06:17:00,New vendor
282865,U032,2024-07-23T06:23:00,High value; New vendor
282929,U691,2024-07-23T06:52:00,New vendor
282939,U027,2024-07-23T06:56:00,New vendor
282946,U976,2024-07-23T07:01:00,High value
282981,U534,2024-07-23T07:16:00,New vendor
282985,U788,2024-07-23T07:17:00,New vendor
283032,U608,2024-07-23T07:41:00,New vendor
283035,U796,2024-07-23T07:42:00,High value
283039,U709,2024-07-23T07:43:00,New vendor
283045,U995,2024-07-23T07:46:00,New vendor
283054,U792,2024-07-23T07:49:00,New vendor
283058,U254,2024-07-23T07:51:00,High value
283064,U692,2024-07-23T07:54:00,New vendor
283077,U906,2024-07-23T07:58:00,High value
283081,U571,2024-07-23T08:01:00,New vendor
283104,U542,2024-07-23T08:13:00,New vendor
283121,U459,2024-07-23T08:21:00,High value
283130,U283,2024-07-23T08:25:00,New vendor
283132,U792,2024-07-23T08:25:00,New vendor
283169,U526,2024-07-23T08:40:00,New vendor
283171,U629,2024-07-23T08:41:00,High value; New vendor
283193,U171,2024-07-23T08:52:00,New vendor
283198,U220,2024-07-23T08:54:00,High value; New vendor
283199,U243,2024-07-23T08:54:00,New vendor
283207,U739,2024-07-23T08:58:00,New vendor
283218,U263,2024-07-23T09:03:00,New vendor
283223,U534,2024-07-23T09:06:00,New vendor
283237,U098,2024-07-23T09:11:00,High value; New vendor
283245,U443,2024-07-23T09:15:00,New vendor
283254,U765,2024-07-23T09:17:00,High value; New vendor
283257,U098,2024-07-23T09:18:00,New vendor
283282,U115,2024-07-23T09:31:00,New vendor
283333,U443,2024-07-23T09:56:00,High value; New vendor
283334,U462,2024-07-23T09:56:00,High value
283354,U091,2024-07-23T10:06:00,New vendor
283377,U209,2024-07-23T10:21:00,New vendor
283404,U783,2024-07-23T10:37:00,New vendor
283443,U596,2024-07-23T10:57:00,New vendor
283463,U209,2024-07-23T11:11:00,High value
283470,U443,2024-07-23T11:13:00,New vendor
283478,U098,2024-07-23T11:15:00,New vendor
283482,U220,2024-07-23T11:16:00,New vendor
283512,U098,2024-07-23T11:30:00,High value; New vendor
283529,U692,2024-07-23T11:39:00,New vendor
283564,U597,2024-07-23T11:57:00,New vendor
283610,U105,2024-07-23T12:23:00,High value
283618,U098,2024-07-23T12:28:00,High value; New vendor
283634,U374,2024-07-23T12:38:00,New vendor
283640,U091,2024-07-23T12:40:00,New vendor
283648,U233,2024-07-23T12:48:00,High value; New vendor
283652,U059,2024-07-23T12:52:00,New vendor
283677,U597,2024-07-23T13:05:00,New vendor
283681,U534,2024-07-23T13:06:00,High value
283685,U059,2024-07-23T13:08:00,New vendor
283695,U190,2024-07-23T13:16:00,New vendor
283698,U482,2024-07-23T13:17:00,New vendor
283714,U083,2024-07-23T13:27:00,High value; New vendor
283715,U323,2024-07-23T13:27:00,New vendor
283716,U080,2024-07-23T13:28:00,New vendor
283719,U369,2024-07-23T13:29:00,New vendor
283725,U617,2024-07-23T13:33:00,High value
283747,U251,2024-07-23T13:43:00,New vendor
283758,U625,2024-07-23T13:48:00,New vendor
283760,U534,2024-07-23T13:49:00,High value
283761,U056,2024-07-23T13:50:00,New vendor
283765,U407,2024-07-23T13:52:00,New vendor
283770,U254,2024-07-23T13:55:00,New vendor
283774,U739,2024-07-23T13:57:00,New vendor
283781,U735,2024-07-23T13:59:00,New vendor
283789,U209,2024-07-23T14:04:00,New vendor
283810,U392,2024-07-23T14:17:00,New vendor
283850,U856,2024-07-23T14:40:00,High value
283854,U711,2024-07-23T14:44:00,High value; New vendor
283867,U336,2024-07-23T14:53:00,New vendor
283873,U737,2024-07-23T14:56:00,High value
283877,U019,2024-07-23T14:58:00,High value
283878,U187,2024-07-23T15:00:00,New vendor
283890,U739,2024-07-23T15:08:00,New vendor
283928,U185,2024-07-23T15:30:00,High value
283929,U326,2024-07-23T15:30:00,High value
283937,U056,2024-07-23T15:36:00,New vendor
283969,U091,2024-07-23T15:55:00,New vendor
284012,U056,2024-07-23T16:25:00,New vendor
284019,U063,2024-07-23T16:34:00,New vendor
284029,U357,2024-07-23T16:39:00,High value
284038,U638,2024-07-23T16:43:00,High value
284064,U739,2024-07-23T17:01:00,New vendor
284068,U048,2024-07-23T17:04:00,New vendor
284096,U339,2024-07-23T17:18:00,New vendor
284112,U551,2024-07-23T17:30:00,New vendor
284117,U336,2024-07-23T17:31:00,New vendor
284130,U284,2024-07-23T17:42:00,New vendor
284131,U489,2024-07-23T17:42:00,New vendor
284156,U190,2024-07-23T17:55:00,High value
284164,U638,2024-07-23T18:00:00,High value; New vendor
284171,U426,2024-07-23T18:07:00,New vendor
284183,U284,2024-07-23T18:15:00,New vendor
284193,U895,2024-07-23T18:22:00,High value
284200,U958,2024-07-23T18:25:00,High value
284217,U638,2024-07-23T18:33:00,New vendor
284225,U098,2024-07-23T18:40:00,New vendor
284236,U015,2024-07-23T18:50:00,High value
284242,U112,2024-07-23T18:58:00,High value
284258,U220,2024-07-23T19:11:00,New vendor
284259,U380,2024-07-23T19:11:00,New vendor
284263,U769,2024-07-23T19:14:00,High value
284289,U382,2024-07-23T19:34:00,New vendor
284291,U392,2024-07-23T19:35:00,New vendor
284306,U717,2024-07-23T19:43:00,High value
284309,U380,2024-07-23T19:45:00,New vendor
284356,U326,2024-07-23T20:18:00,High value
284359,U032,2024-07-23T20:20:00,New vendor
284383,U552,2024-07-23T20:43:00,New vendor
284387,U452,2024-07-23T20:45:00,New vendor
284391,U795,2024-07-23T20:47:00,New vendor
284392,U263,2024-07-23T20:49:00,New vendor
284421,U831,2024-07-23T21:12:00,High value
284438,U140,2024-07-23T21:26:00,New vendor
284441,U392,2024-07-23T21:28:00,New vendor
284482,U304,2024-07-23T21:50:00,High value
284487,U986,2024-07-23T21:54:00,New vendor
284489,U017,2024-07-23T21:56:00,High value; New vendor
284514,U826,2024-07-23T22:17:00,High value; New vendor
284531,U739,2024-07-23T22:29:00,New vendor
284546,U579,2024-07-23T22:39:00,High value
284561,U284,2024-07-23T22:47:00,High value
284579,U551,2024-07-23T22:57:00,New vendor
284583,U808,2024-07-23T23:00:00,High value; New vendor
284589,U056,2024-07-23T23:06:00,New vendor
284592,U091,2024-07-23T23:08:00,New vendor
284598,U092,2024-07-23T23:13:00,New vendor
284616,U114,2024-07-23T23:25:00,New vendor
284617,U566,2024-07-23T23:25:00,New vendor
284640,U063,2024-07-23T23:43:00,New vendor
284651,U243,2024-07-23T23:49:00,New vendor
284671,U561,2024-07-24T00:01:00,New vendor
284675,U254,2024-07-24T00:05:00,High value
284679,U493,2024-07-24T00:07:00,High value
284683,U006,2024-07-24T00:10:00,High value
284694,U638,2024-07-24T00:16:00,New vendor
284713,U787,2024-07-24T00:31:00,New vendor
284724,U784,2024-07-24T00:34:00,New vendor
284805,U584,2024-07-24T01:31:00,High value
284821,U545,2024-07-24T01:50:00,New vendor
284825,U032,2024-07-24T01:52:00,High value; New vendor
284859,U114,2024-07-24T02:16:00,New vendor
284883,U661,2024-07-24T02:33:00,New vendor
284892,U446,2024-07-24T02:38:00,New vendor
284895,U452,2024-07-24T02:40:00,New vendor
284924,U787,2024-07-24T03:04:00,New vendor
284939,U259,2024-07-24T03:16:00,New vendor
284941,U489,2024-07-24T03:20:00,New vendor
284947,U901,2024-07-24T03:28:00,High value
284950,U038,2024-07-24T03:31:00,New vendor
284962,U545,2024-07-24T03:38:00,New vendor
284971,U797,2024-07-24T03:46:00,High value
284982,U551,2024-07-24T04:01:00,New vendor
285002,U795,2024-07-24T04:13:00,New vendor
285013,U553,2024-07-24T04:23:00,New vendor
285014,U958,2024-07-24T04:24:00,High value
285018,U784,2024-07-24T04:31:00,New vendor
285058,U661,2024-07-24T05:18:00,New vendor
285064,U638,2024-07-24T05:23:00,New vendor
285069,U597,2024-07-24T05:26:00,New vendor
285080,U549,2024-07-24T05:40:00,High value
285089,U795,2024-07-24T05:47:00,New vendor
285100,U784,2024-07-24T05:52:00,New vendor
285119,U563,2024-07-24T06:07:00,High value; New vendor
285129,U565,2024-07-24T06:13:00,High value; New vendor
285139,U080,2024-07-24T06:24:00,New vendor
285158,U482,2024-07-24T06:45:00,New vendor
285170,U605,2024-07-24T07:02:00,New vendor
285172,U692,2024-07-24T07:07:00,New vendor
285175,U597,2024-07-24T07:10:00,High value
285182,U742,2024-07-24T07:17:00,High value
285187,U284,2024-07-24T07:20:00,High value
285212,U552,2024-07-24T07:41:00,New vendor
285226,U739,2024-07-24T07:57:00,New vendor
285239,U407,2024-07-24T08:11:00,New vendor
285275,U209,2024-07-24T08:44:00,New vendor
285278,U960,2024-07-24T08:48:00,New vendor
285324,U553,2024-07-24T09:39:00,New vendor
285333,U259,2024-07-24T09:43:00,New vendor
285350,U032,2024-07-24T09:57:00,High value; New vendor
285355,U617,2024-07-24T09:59:00,High value
285361,U795,2024-07-24T10:11:00,High value; New vendor
285367,U482,2024-07-24T10:16:00,New vendor
285376,U382,2024-07-24T10:21:00,New vendor
285385,U068,2024-07-24T10:26:00,New vendor
285393,U907,2024-07-24T10:28:00,New vendor
285410,U597,2024-07-24T10:46:00,New vendor
285414,U561,2024-07-24T10:51:00,New vendor
285425,U545,2024-07-24T11:04:00,New vendor
285436,U960,2024-07-24T11:12:00,New vendor
285437,U233,2024-07-24T11:13:00,New vendor
285440,U190,2024-07-24T11:17:00,High value
285442,U157,2024-07-24T11:18:00,New vendor
285461,U357,2024-07-24T11:34:00,High value
285476,U661,2024-07-24T11:52:00,High value; New vendor
285477,U960,2024-07-24T11:54:00,High value
285478,U373,2024-07-24T11:55:00,High value
285483,U674,2024-07-24T11:56:00,High value
285506,U1000,2024-07-24T12:18:00,New vendor
285523,U927,2024-07-24T12:34:00,New vendor
285551,U233,2024-07-24T12:55:00,New vendor
285553,U259,2024-07-24T12:57:00,New vendor
285562,U788,2024-07-24T13:06:00,High value; New vendor
285564,U112,2024-07-24T13:08:00,High value
285566,U735,2024-07-24T13:08:00,New vendor
285587,U797,2024-07-24T13:28:00,High value
285602,U549,2024-07-24T13:47:00,New vendor
285619,U549,2024-07-24T14:06:00,New vendor
285623,U374,2024-07-24T14:09:00,New vendor
285647,U561,2024-07-24T14:27:00,New vendor
285662,U702,2024-07-24T14:40:00,High value; New vendor
285669,U553,2024-07-24T14:45:00,New vendor
285675,U976,2024-07-24T14:55:00,High value
285684,U323,2024-07-24T15:03:00,High value
285702,U638,2024-07-24T15:24:00,New vendor
285712,U169,2024-07-24T15:31:00,High value; New vendor
285721,U374,2024-07-24T15:44:00,High value
285728,U787,2024-07-24T15:49:00,New vendor
285734,U373,2024-07-24T15:54:00,High value; New vendor
285735,U960,2024-07-24T15:55:00,New vendor
285744,U584,2024-07-24T16:01:00,New vendor
285756,U798,2024-07-24T16:14:00,High value; New vendor
285757,U407,2024-07-24T16:15:00,New vendor
285773,U092,2024-07-24T16:35:00,New vendor
285785,U209,2024-07-24T16:47:00,New vendor
285817,U984,2024-07-24T17:32:00,New vendor
285848,U374,2024-07-24T18:11:00,New vendor
285862,U638,2024-07-24T18:22:00,High value; New vendor
285863,U755,2024-07-24T18:22:00,New vendor
285873,U831,2024-07-24T18:46:00,High value
285878,U309,2024-07-24T18:55:00,New vendor
285882,U561,2024-07-24T19:00:00,New vendor
285885,U958,2024-07-24T19:01:00,High value
285889,U157,2024-07-24T19:12:00,New vendor
285900,U795,2024-07-24T19:28:00,New vendor
285945,U608,2024-07-24T20:25:00,New vendor
285959,U638,2024-07-24T20:50:00,New vendor
285987,U373,2024-07-24T21:30:00,New vendor
285993,U017,2024-07-24T21:40:00,New vendor
286006,U098,2024-07-24T22:03:00,New vendor
286014,U563,2024-07-24T22:21:00,High value
286058,U482,2024-07-24T23:24:00,New vendor
286070,U927,2024-07-24T23:43:00,New vendor
286074,U114,2024-07-24T23:50:00,New vendor
286075,U826,2024-07-24T23:50:00,New vendor
286078,U984,2024-07-24T23:58:00,New vendor
286099,U955,2024-07-25T00:29:00,High value
286102,U597,2024-07-25T00:31:00,New vendor
286149,U551,2024-07-25T01:27:00,New vendor
286152,U563,2024-07-25T01:29:00,High value; New vendor
286171,U337,2024-07-25T01:53:00,New vendor
286193,U551,2024-07-25T02:20:00,High value
286198,U323,2024-07-25T02:29:00,New vendor
286210,U075,2024-07-25T02:41:00,New vendor
286223,U617,2024-07-25T02:58:00,High value
286240,U338,2024-07-25T03:22:00,High value; New vendor
286243,U017,2024-07-25T03:25:00,High value; New vendor
286245,U243,2024-07-25T03:25:00,New vendor
286255,U337,2024-07-25T03:37:00,New vendor
286269,U374,2024-07-25T04:03:00,High value; New vendor
286270,U584,2024-07-25T04:05:00,New vendor
286279,U323,2024-07-25T04:18:00,New vendor
286282,U482,2024-07-25T04:22:00,New vendor
286286,U958,2024-07-25T04:27:00,High value
286294,U114,2024-07-25T04:46:00,High value; New vendor
286308,U323,2024-07-25T05:12:00,New vendor
286313,U960,2024-07-25T05:26:00,New vendor
286316,U788,2024-07-25T05:31:00,New vendor
286328,U114,2024-07-25T05:51:00,New vendor
286344,U848,2024-07-25T06:21:00,High value
286349,U358,2024-07-25T06:32:00,New vendor
286353,U123,2024-07-25T06:37:00,High value
286376,U755,2024-07-25T07:33:00,High value; New vendor
286404,U048,2024-07-25T08:11:00,High value
286424,U927,2024-07-25T08:54:00,New vendor
286430,U338,2024-07-25T09:02:00,New vendor
286444,U015,2024-07-25T09:25:00,High value
286451,U337,2024-07-25T09:46:00,New vendor
286466,U538,2024-07-25T10:03:00,High value
286469,U797,2024-07-25T10:05:00,High value
286470,U906,2024-07-25T10:06:00,High value
286482,U392,2024-07-25T10:27:00,New vendor
286518,U157,2024-07-25T11:26:00,High value
286526,U369,2024-07-25T11:49:00,New vendor
286554,U373,2024-07-25T12:39:00,New vendor
286558,U374,2024-07-25T12:43:00,New vendor
286561,U426,2024-07-25T12:48:00,New vendor
286564,U355,2024-07-25T12:52:00,High value
286580,U017,2024-07-25T13:17:00,New vendor
286596,U157,2024-07-25T13:38:00,New vendor
286612,U323,2024-07-25T14:25:00,New vendor
286627,U017,2024-07-25T14:56:00,New vendor
286629,U958,2024-07-25T15:07:00,High value
286643,U702,2024-07-25T15:27:00,New vendor
286648,U017,2024-07-25T15:35:00,New vendor
286659,U075,2024-07-25T16:01:00,New vendor
286678,U943,2024-07-25T16:48:00,High value
286682,U374,2024-07-25T16:54:00,High value; New vendor
286690,U355,2024-07-25T17:13:00,High value
286723,U978,2024-07-25T18:37:00,New vendor
286752,U702,2024-07-25T20:16:00,New vendor
286757,U015,2024-07-25T20:44:00,New vendor
286771,U369,2024-07-25T21:20:00,New vendor
286775,U935,2024-07-25T21:29:00,High value
286780,U927,2024-07-25T22:17:00,New vendor
286786,U489,2024-07-25T22:34:00,New vendor
286804,U765,2024-07-25T23:28:00,New vendor
286834,U382,2024-07-26T01:12:00,New vendor
286836,U895,2024-07-26T01:17:00,High value
286838,U551,2024-07-26T01:22:00,New vendor
286862,U304,2024-07-26T02:36:00,High value
286864,U608,2024-07-26T02:42:00,New vendor
286865,U707,2024-07-26T02:43:00,High value
286870,U608,2024-07-26T02:58:00,New vendor
286871,U489,2024-07-26T03:01:00,New vendor
286921,U702,2024-07-26T05:51:00,New vendor
286925,U702,2024-07-26T06:09:00,New vendor
286931,U323,2024-07-26T06:32:00,New vendor
286939,U958,2024-07-26T07:19:00,High value
286955,U323,2024-07-26T08:22:00,New vendor
286997,U584,2024-07-26T12:42:00,New vendor
287000,U702,2024-07-26T12:55:00,High value; New vendor
287001,U927,2024-07-26T13:09:00,High value; New vendor
287002,U958,2024-07-26T13:10:00,High value
287014,U392,2024-07-26T14:08:00,New vendor
287028,U392,2024-07-26T15:10:00,High value
287046,U958,2024-07-26T16:36:00,High value
287072,U017,2024-07-26T19:21:00,New vendor
287078,U538,2024-07-26T19:41:00,High value
287080,U017,2024-07-26T19:43:00,New vendor
287085,U848,2024-07-26T19:53:00,High value
287090,U608,2024-07-26T20:20:00,New vendor
287091,U958,2024-07-26T20:26:00,High value
287094,U538,2024-07-26T20:53:00,High value
287095,U650,2024-07-26T20:53:00,High value
287103,U392,2024-07-26T21:33:00,New vendor
287113,U927,2024-07-26T22:38:00,New vendor
287142,U114,2024-07-27T01:39:00,New vendor
287158,U114,2024-07-27T03:08:00,New vendor
287181,U551,2024-07-27T05:29:00,New vendor
287183,U978,2024-07-27T05:37:00,New vendor
287200,U772,2024-07-27T08:04:00,High value
287209,U707,2024-07-27T09:41:00,High value
287214,U978,2024-07-27T10:33:00,New vendor
287217,U114,2024-07-27T11:14:00,New vendor
287220,U551,2024-07-27T12:09:00,New vendor
287222,U551,2024-07-27T12:30:00,New vendor
287257,U772,2024-07-27T20:58:00,High value
287288,U551,2024-07-28T08:27:00,New vendor
